DATAFLOW,LAST UPDATE,freq,indic_em,sex,age,unit,geo,TIME_PERIOD,OBS_VALUE,OBS_FLAG
ESTAT:LFSI_EMP_A(1.0),02/05/24 23:00:00,A,EMP_LFS,F,Y15-24,PC_POP,AT,2014,49.9,
ESTAT:LFSI_EMP_A(1.0),02/05/24 23:00:00,A,EMP_LFS,F,Y15-24,PC_POP,AT,2017,49.0,
ESTAT:LFSI_EMP_A(1.0),02/05/24 23:00:00,A,EMP_LFS,F,Y15-24,PC_POP,AT,2020,47.1,
ESTAT:LFSI_EMP_A(1.0),02/05/24 23:00:00,A,EMP_LFS,F,Y15-24,PC_POP,AT,2023,49.8,
ESTAT:LFSI_EMP_A(1.0),02/05/24 23:00:00,A,EMP_LFS,F,Y15-24,PC_POP,BA,2023,11.5,
ESTAT:LFSI_EMP_A(1.0),02/05/24 23:00:00,A,EMP_LFS,F,Y15-24,PC_POP,BE,2014,21.8,
ESTAT:LFSI_EMP_A(1.0),02/05/24 23:00:00,A,EMP_LFS,F,Y15-24,PC_POP,BE,2017,20.9,b
ESTAT:LFSI_EMP_A(1.0),02/05/24 23:00:00,A,EMP_LFS,F,Y15-24,PC_POP,BE,2020,22.3,
ESTAT:LFSI_EMP_A(1.0),02/05/24 23:00:00,A,EMP_LFS,F,Y15-24,PC_POP,BE,2023,25.9,
ESTAT:LFSI_EMP_A(1.0),02/05/24 23:00:00,A,EMP_LFS,F,Y15-24,PC_POP,BG,2014,14.7,
ESTAT:LFSI_EMP_A(1.0),02/05/24 23:00:00,A,EMP_LFS,F,Y15-24,PC_POP,BG,2017,16.3,
ESTAT:LFSI_EMP_A(1.0),02/05/24 23:00:00,A,EMP_LFS,F,Y15-24,PC_POP,BG,2020,13.4,
ESTAT:LFSI_EMP_A(1.0),02/05/24 23:00:00,A,EMP_LFS,F,Y15-24,PC_POP,BG,2023,16.2,
ESTAT:LFSI_EMP_A(1.0),02/05/24 23:00:00,A,EMP_LFS,F,Y15-24,PC_POP,CH,2014,61.7,
ESTAT:LFSI_EMP_A(1.0),02/05/24 23:00:00,A,EMP_LFS,F,Y15-24,PC_POP,CH,2017,62.4,
ESTAT:LFSI_EMP_A(1.0),02/05/24 23:00:00,A,EMP_LFS,F,Y15-24,PC_POP,CH,2020,59.4,
ESTAT:LFSI_EMP_A(1.0),02/05/24 23:00:00,A,EMP_LFS,F,Y15-24,PC_POP,CH,2023,59.4,
ESTAT:LFSI_EMP_A(1.0),02/05/24 23:00:00,A,EMP_LFS,F,Y15-24,PC_POP,CY,2014,25.9,
ESTAT:LFSI_EMP_A(1.0),02/05/24 23:00:00,A,EMP_LFS,F,Y15-24,PC_POP,CY,2017,30.7,
ESTAT:LFSI_EMP_A(1.0),02/05/24 23:00:00,A,EMP_LFS,F,Y15-24,PC_POP,CY,2020,32.1,
ESTAT:LFSI_EMP_A(1.0),02/05/24 23:00:00,A,EMP_LFS,F,Y15-24,PC_POP,CY,2023,36.4,
ESTAT:LFSI_EMP_A(1.0),02/05/24 23:00:00,A,EMP_LFS,F,Y15-24,PC_POP,CZ,2014,21.6,
ESTAT:LFSI_EMP_A(1.0),02/05/24 23:00:00,A,EMP_LFS,F,Y15-24,PC_POP,CZ,2017,24.3,
ESTAT:LFSI_EMP_A(1.0),02/05/24 23:00:00,A,EMP_LFS,F,Y15-24,PC_POP,CZ,2020,19.5,
ESTAT:LFSI_EMP_A(1.0),02/05/24 23:00:00,A,EMP_LFS,F,Y15-24,PC_POP,CZ,2023,21.8,
ESTAT:LFSI_EMP_A(1.0),02/05/24 23:00:00,A,EMP_LFS,F,Y15-24,PC_POP,DE,2014,43.7,
ESTAT:LFSI_EMP_A(1.0),02/05/24 23:00:00,A,EMP_LFS,F,Y15-24,PC_POP,DE,2017,44.9,
ESTAT:LFSI_EMP_A(1.0),02/05/24 23:00:00,A,EMP_LFS,F,Y15-24,PC_POP,DE,2020,45.4,b
ESTAT:LFSI_EMP_A(1.0),02/05/24 23:00:00,A,EMP_LFS,F,Y15-24,PC_POP,DE,2023,48.7,
ESTAT:LFSI_EMP_A(1.0),02/05/24 23:00:00,A,EMP_LFS,F,Y15-24,PC_POP,DK,2014,51.2,
ESTAT:LFSI_EMP_A(1.0),02/05/24 23:00:00,A,EMP_LFS,F,Y15-24,PC_POP,DK,2017,53.9,b
ESTAT:LFSI_EMP_A(1.0),02/05/24 23:00:00,A,EMP_LFS,F,Y15-24,PC_POP,DK,2020,54.0,
ESTAT:LFSI_EMP_A(1.0),02/05/24 23:00:00,A,EMP_LFS,F,Y15-24,PC_POP,DK,2023,58.2,b
ESTAT:LFSI_EMP_A(1.0),02/05/24 23:00:00,A,EMP_LFS,F,Y15-24,PC_POP,EA20,2014,29.0,
ESTAT:LFSI_EMP_A(1.0),02/05/24 23:00:00,A,EMP_LFS,F,Y15-24,PC_POP,EA20,2017,30.9,
ESTAT:LFSI_EMP_A(1.0),02/05/24 23:00:00,A,EMP_LFS,F,Y15-24,PC_POP,EA20,2020,30.0,
ESTAT:LFSI_EMP_A(1.0),02/05/24 23:00:00,A,EMP_LFS,F,Y15-24,PC_POP,EA20,2023,34.8,
ESTAT:LFSI_EMP_A(1.0),02/05/24 23:00:00,A,EMP_LFS,F,Y15-24,PC_POP,EE,2014,33.8,
ESTAT:LFSI_EMP_A(1.0),02/05/24 23:00:00,A,EMP_LFS,F,Y15-24,PC_POP,EE,2017,39.1,
ESTAT:LFSI_EMP_A(1.0),02/05/24 23:00:00,A,EMP_LFS,F,Y15-24,PC_POP,EE,2020,34.1,
ESTAT:LFSI_EMP_A(1.0),02/05/24 23:00:00,A,EMP_LFS,F,Y15-24,PC_POP,EE,2023,38.7,
ESTAT:LFSI_EMP_A(1.0),02/05/24 23:00:00,A,EMP_LFS,F,Y15-24,PC_POP,EL,2014,11.1,
ESTAT:LFSI_EMP_A(1.0),02/05/24 23:00:00,A,EMP_LFS,F,Y15-24,PC_POP,EL,2017,12.6,
ESTAT:LFSI_EMP_A(1.0),02/05/24 23:00:00,A,EMP_LFS,F,Y15-24,PC_POP,EL,2020,10.6,
ESTAT:LFSI_EMP_A(1.0),02/05/24 23:00:00,A,EMP_LFS,F,Y15-24,PC_POP,EL,2023,16.3,
ESTAT:LFSI_EMP_A(1.0),02/05/24 23:00:00,A,EMP_LFS,F,Y15-24,PC_POP,ES,2014,16.0,
ESTAT:LFSI_EMP_A(1.0),02/05/24 23:00:00,A,EMP_LFS,F,Y15-24,PC_POP,ES,2017,19.7,
ESTAT:LFSI_EMP_A(1.0),02/05/24 23:00:00,A,EMP_LFS,F,Y15-24,PC_POP,ES,2020,16.6,
ESTAT:LFSI_EMP_A(1.0),02/05/24 23:00:00,A,EMP_LFS,F,Y15-24,PC_POP,ES,2023,22.1,d
ESTAT:LFSI_EMP_A(1.0),02/05/24 23:00:00,A,EMP_LFS,F,Y15-24,PC_POP,EU27_2020,2014,27.8,
ESTAT:LFSI_EMP_A(1.0),02/05/24 23:00:00,A,EMP_LFS,F,Y15-24,PC_POP,EU27_2020,2017,30.1,
ESTAT:LFSI_EMP_A(1.0),02/05/24 23:00:00,A,EMP_LFS,F,Y15-24,PC_POP,EU27_2020,2020,29.0,
ESTAT:LFSI_EMP_A(1.0),02/05/24 23:00:00,A,EMP_LFS,F,Y15-24,PC_POP,EU27_2020,2023,33.0,
ESTAT:LFSI_EMP_A(1.0),02/05/24 23:00:00,A,EMP_LFS,F,Y15-24,PC_POP,FI,2014,42.6,
ESTAT:LFSI_EMP_A(1.0),02/05/24 23:00:00,A,EMP_LFS,F,Y15-24,PC_POP,FI,2017,43.3,
ESTAT:LFSI_EMP_A(1.0),02/05/24 23:00:00,A,EMP_LFS,F,Y15-24,PC_POP,FI,2020,40.8,
ESTAT:LFSI_EMP_A(1.0),02/05/24 23:00:00,A,EMP_LFS,F,Y15-24,PC_POP,FI,2023,47.9,
ESTAT:LFSI_EMP_A(1.0),02/05/24 23:00:00,A,EMP_LFS,F,Y15-24,PC_POP,FR,2014,25.2,
ESTAT:LFSI_EMP_A(1.0),02/05/24 23:00:00,A,EMP_LFS,F,Y15-24,PC_POP,FR,2017,26.1,
ESTAT:LFSI_EMP_A(1.0),02/05/24 23:00:00,A,EMP_LFS,F,Y15-24,PC_POP,FR,2020,26.1,
ESTAT:LFSI_EMP_A(1.0),02/05/24 23:00:00,A,EMP_LFS,F,Y15-24,PC_POP,FR,2023,33.6,d
ESTAT:LFSI_EMP_A(1.0),02/05/24 23:00:00,A,EMP_LFS,F,Y15-24,PC_POP,HR,2014,15.3,
ESTAT:LFSI_EMP_A(1.0),02/05/24 23:00:00,A,EMP_LFS,F,Y15-24,PC_POP,HR,2017,21.8,
ESTAT:LFSI_EMP_A(1.0),02/05/24 23:00:00,A,EMP_LFS,F,Y15-24,PC_POP,HR,2020,19.0,
ESTAT:LFSI_EMP_A(1.0),02/05/24 23:00:00,A,EMP_LFS,F,Y15-24,PC_POP,HR,2023,19.5,b
ESTAT:LFSI_EMP_A(1.0),02/05/24 23:00:00,A,EMP_LFS,F,Y15-24,PC_POP,HU,2014,21.4,
ESTAT:LFSI_EMP_A(1.0),02/05/24 23:00:00,A,EMP_LFS,F,Y15-24,PC_POP,HU,2017,26.2,
ESTAT:LFSI_EMP_A(1.0),02/05/24 23:00:00,A,EMP_LFS,F,Y15-24,PC_POP,HU,2020,24.6,
ESTAT:LFSI_EMP_A(1.0),02/05/24 23:00:00,A,EMP_LFS,F,Y15-24,PC_POP,HU,2023,23.9,
ESTAT:LFSI_EMP_A(1.0),02/05/24 23:00:00,A,EMP_LFS,F,Y15-24,PC_POP,IE,2014,36.7,
ESTAT:LFSI_EMP_A(1.0),02/05/24 23:00:00,A,EMP_LFS,F,Y15-24,PC_POP,IE,2017,39.7,
ESTAT:LFSI_EMP_A(1.0),02/05/24 23:00:00,A,EMP_LFS,F,Y15-24,PC_POP,IE,2020,35.4,
ESTAT:LFSI_EMP_A(1.0),02/05/24 23:00:00,A,EMP_LFS,F,Y15-24,PC_POP,IE,2023,48.5,
ESTAT:LFSI_EMP_A(1.0),02/05/24 23:00:00,A,EMP_LFS,F,Y15-24,PC_POP,IS,2014,73.6,
ESTAT:LFSI_EMP_A(1.0),02/05/24 23:00:00,A,EMP_LFS,F,Y15-24,PC_POP,IS,2017,76.6,
ESTAT:LFSI_EMP_A(1.0),02/05/24 23:00:00,A,EMP_LFS,F,Y15-24,PC_POP,IS,2020,68.6,b
ESTAT:LFSI_EMP_A(1.0),02/05/24 23:00:00,A,EMP_LFS,F,Y15-24,PC_POP,IS,2023,75.8,
ESTAT:LFSI_EMP_A(1.0),02/05/24 23:00:00,A,EMP_LFS,F,Y15-24,PC_POP,IT,2014,12.8,
ESTAT:LFSI_EMP_A(1.0),02/05/24 23:00:00,A,EMP_LFS,F,Y15-24,PC_POP,IT,2017,13.9,
ESTAT:LFSI_EMP_A(1.0),02/05/24 23:00:00,A,EMP_LFS,F,Y15-24,PC_POP,IT,2020,12.8,
ESTAT:LFSI_EMP_A(1.0),02/05/24 23:00:00,A,EMP_LFS,F,Y15-24,PC_POP,IT,2023,16.2,
ESTAT:LFSI_EMP_A(1.0),02/05/24 23:00:00,A,EMP_LFS,F,Y15-24,PC_POP,LT,2014,24.1,
ESTAT:LFSI_EMP_A(1.0),02/05/24 23:00:00,A,EMP_LFS,F,Y15-24,PC_POP,LT,2017,28.4,
ESTAT:LFSI_EMP_A(1.0),02/05/24 23:00:00,A,EMP_LFS,F,Y15-24,PC_POP,LT,2020,28.3,
ESTAT:LFSI_EMP_A(1.0),02/05/24 23:00:00,A,EMP_LFS,F,Y15-24,PC_POP,LT,2023,31.9,
ESTAT:LFSI_EMP_A(1.0),02/05/24 23:00:00,A,EMP_LFS,F,Y15-24,PC_POP,LU,2014,18.8,
ESTAT:LFSI_EMP_A(1.0),02/05/24 23:00:00,A,EMP_LFS,F,Y15-24,PC_POP,LU,2017,24.5,
ESTAT:LFSI_EMP_A(1.0),02/05/24 23:00:00,A,EMP_LFS,F,Y15-24,PC_POP,LU,2020,24.4,
ESTAT:LFSI_EMP_A(1.0),02/05/24 23:00:00,A,EMP_LFS,F,Y15-24,PC_POP,LU,2023,25.8,
ESTAT:LFSI_EMP_A(1.0),02/05/24 23:00:00,A,EMP_LFS,F,Y15-24,PC_POP,LV,2014,28.3,
ESTAT:LFSI_EMP_A(1.0),02/05/24 23:00:00,A,EMP_LFS,F,Y15-24,PC_POP,LV,2017,30.9,
ESTAT:LFSI_EMP_A(1.0),02/05/24 23:00:00,A,EMP_LFS,F,Y15-24,PC_POP,LV,2020,26.5,
ESTAT:LFSI_EMP_A(1.0),02/05/24 23:00:00,A,EMP_LFS,F,Y15-24,PC_POP,LV,2023,29.5,
ESTAT:LFSI_EMP_A(1.0),02/05/24 23:00:00,A,EMP_LFS,F,Y15-24,PC_POP,ME,2014,15.8,
ESTAT:LFSI_EMP_A(1.0),02/05/24 23:00:00,A,EMP_LFS,F,Y15-24,PC_POP,ME,2017,18.6,
ESTAT:LFSI_EMP_A(1.0),02/05/24 23:00:00,A,EMP_LFS,F,Y15-24,PC_POP,ME,2020,15.0,
ESTAT:LFSI_EMP_A(1.0),02/05/24 23:00:00,A,EMP_LFS,F,Y15-24,PC_POP,MK,2014,11.3,
ESTAT:LFSI_EMP_A(1.0),02/05/24 23:00:00,A,EMP_LFS,F,Y15-24,PC_POP,MK,2017,12.0,
ESTAT:LFSI_EMP_A(1.0),02/05/24 23:00:00,A,EMP_LFS,F,Y15-24,PC_POP,MK,2020,14.3,
ESTAT:LFSI_EMP_A(1.0),02/05/24 23:00:00,A,EMP_LFS,F,Y15-24,PC_POP,MT,2014,47.3,
ESTAT:LFSI_EMP_A(1.0),02/05/24 23:00:00,A,EMP_LFS,F,Y15-24,PC_POP,MT,2017,46.1,
ESTAT:LFSI_EMP_A(1.0),02/05/24 23:00:00,A,EMP_LFS,F,Y15-24,PC_POP,MT,2020,46.7,
ESTAT:LFSI_EMP_A(1.0),02/05/24 23:00:00,A,EMP_LFS,F,Y15-24,PC_POP,MT,2023,49.0,
ESTAT:LFSI_EMP_A(1.0),02/05/24 23:00:00,A,EMP_LFS,F,Y15-24,PC_POP,NL,2014,68.7,
ESTAT:LFSI_EMP_A(1.0),02/05/24 23:00:00,A,EMP_LFS,F,Y15-24,PC_POP,NL,2017,73.2,
ESTAT:LFSI_EMP_A(1.0),02/05/24 23:00:00,A,EMP_LFS,F,Y15-24,PC_POP,NL,2020,73.1,
ESTAT:LFSI_EMP_A(1.0),02/05/24 23:00:00,A,EMP_LFS,F,Y15-24,PC_POP,NL,2023,76.2,
ESTAT:LFSI_EMP_A(1.0),02/05/24 23:00:00,A,EMP_LFS,F,Y15-24,PC_POP,NO,2014,54.5,
ESTAT:LFSI_EMP_A(1.0),02/05/24 23:00:00,A,EMP_LFS,F,Y15-24,PC_POP,NO,2017,52.2,
ESTAT:LFSI_EMP_A(1.0),02/05/24 23:00:00,A,EMP_LFS,F,Y15-24,PC_POP,NO,2020,53.3,
ESTAT:LFSI_EMP_A(1.0),02/05/24 23:00:00,A,EMP_LFS,F,Y15-24,PC_POP,NO,2023,59.3,
ESTAT:LFSI_EMP_A(1.0),02/05/24 23:00:00,A,EMP_LFS,F,Y15-24,PC_POP,PL,2014,21.2,
ESTAT:LFSI_EMP_A(1.0),02/05/24 23:00:00,A,EMP_LFS,F,Y15-24,PC_POP,PL,2017,25.2,
ESTAT:LFSI_EMP_A(1.0),02/05/24 23:00:00,A,EMP_LFS,F,Y15-24,PC_POP,PL,2020,24.4,
ESTAT:LFSI_EMP_A(1.0),02/05/24 23:00:00,A,EMP_LFS,F,Y15-24,PC_POP,PL,2023,25.3,
ESTAT:LFSI_EMP_A(1.0),02/05/24 23:00:00,A,EMP_LFS,F,Y15-24,PC_POP,PT,2014,21.8,
ESTAT:LFSI_EMP_A(1.0),02/05/24 23:00:00,A,EMP_LFS,F,Y15-24,PC_POP,PT,2017,24.0,
ESTAT:LFSI_EMP_A(1.0),02/05/24 23:00:00,A,EMP_LFS,F,Y15-24,PC_POP,PT,2020,21.2,
ESTAT:LFSI_EMP_A(1.0),02/05/24 23:00:00,A,EMP_LFS,F,Y15-24,PC_POP,PT,2023,26.8,
ESTAT:LFSI_EMP_A(1.0),02/05/24 23:00:00,A,EMP_LFS,F,Y15-24,PC_POP,RO,2014,14.0,
ESTAT:LFSI_EMP_A(1.0),02/05/24 23:00:00,A,EMP_LFS,F,Y15-24,PC_POP,RO,2017,16.6,
ESTAT:LFSI_EMP_A(1.0),02/05/24 23:00:00,A,EMP_LFS,F,Y15-24,PC_POP,RO,2020,16.1,
ESTAT:LFSI_EMP_A(1.0),02/05/24 23:00:00,A,EMP_LFS,F,Y15-24,PC_POP,RO,2023,13.7,
ESTAT:LFSI_EMP_A(1.0),02/05/24 23:00:00,A,EMP_LFS,F,Y15-24,PC_POP,RS,2014,10.1,
ESTAT:LFSI_EMP_A(1.0),02/05/24 23:00:00,A,EMP_LFS,F,Y15-24,PC_POP,RS,2017,14.6,
ESTAT:LFSI_EMP_A(1.0),02/05/24 23:00:00,A,EMP_LFS,F,Y15-24,PC_POP,RS,2020,14.2,
ESTAT:LFSI_EMP_A(1.0),02/05/24 23:00:00,A,EMP_LFS,F,Y15-24,PC_POP,RS,2023,18.1,b
ESTAT:LFSI_EMP_A(1.0),02/05/24 23:00:00,A,EMP_LFS,F,Y15-24,PC_POP,SE,2014,44.6,
ESTAT:LFSI_EMP_A(1.0),02/05/24 23:00:00,A,EMP_LFS,F,Y15-24,PC_POP,SE,2017,46.6,
ESTAT:LFSI_EMP_A(1.0),02/05/24 23:00:00,A,EMP_LFS,F,Y15-24,PC_POP,SE,2020,40.5,
ESTAT:LFSI_EMP_A(1.0),02/05/24 23:00:00,A,EMP_LFS,F,Y15-24,PC_POP,SE,2023,44.8,
ESTAT:LFSI_EMP_A(1.0),02/05/24 23:00:00,A,EMP_LFS,F,Y15-24,PC_POP,SI,2014,22.6,
ESTAT:LFSI_EMP_A(1.0),02/05/24 23:00:00,A,EMP_LFS,F,Y15-24,PC_POP,SI,2017,28.7,
ESTAT:LFSI_EMP_A(1.0),02/05/24 23:00:00,A,EMP_LFS,F,Y15-24,PC_POP,SI,2020,22.8,
ESTAT:LFSI_EMP_A(1.0),02/05/24 23:00:00,A,EMP_LFS,F,Y15-24,PC_POP,SI,2023,28.4,
ESTAT:LFSI_EMP_A(1.0),02/05/24 23:00:00,A,EMP_LFS,F,Y15-24,PC_POP,SK,2014,16.9,
ESTAT:LFSI_EMP_A(1.0),02/05/24 23:00:00,A,EMP_LFS,F,Y15-24,PC_POP,SK,2017,21.6,
ESTAT:LFSI_EMP_A(1.0),02/05/24 23:00:00,A,EMP_LFS,F,Y15-24,PC_POP,SK,2020,16.9,
ESTAT:LFSI_EMP_A(1.0),02/05/24 23:00:00,A,EMP_LFS,F,Y15-24,PC_POP,SK,2023,17.8,
ESTAT:LFSI_EMP_A(1.0),02/05/24 23:00:00,A,EMP_LFS,F,Y15-24,PC_POP,TR,2014,22.0,b
ESTAT:LFSI_EMP_A(1.0),02/05/24 23:00:00,A,EMP_LFS,F,Y15-24,PC_POP,TR,2017,23.0,
ESTAT:LFSI_EMP_A(1.0),02/05/24 23:00:00,A,EMP_LFS,F,Y15-24,PC_POP,TR,2020,19.2,
ESTAT:LFSI_EMP_A(1.0),02/05/24 23:00:00,A,EMP_LFS,F,Y15-24,PC_POP,TR,2023,25.3,
ESTAT:LFSI_EMP_A(1.0),02/05/24 23:00:00,A,EMP_LFS,F,Y20-64,PC_POP,AT,2014,70.1,
ESTAT:LFSI_EMP_A(1.0),02/05/24 23:00:00,A,EMP_LFS,F,Y20-64,PC_POP,AT,2017,71.4,
ESTAT:LFSI_EMP_A(1.0),02/05/24 23:00:00,A,EMP_LFS,F,Y20-64,PC_POP,AT,2020,70.6,
ESTAT:LFSI_EMP_A(1.0),02/05/24 23:00:00,A,EMP_LFS,F,Y20-64,PC_POP,AT,2023,73.3,
ESTAT:LFSI_EMP_A(1.0),02/05/24 23:00:00,A,EMP_LFS,F,Y20-64,PC_POP,BA,2023,42.1,
ESTAT:LFSI_EMP_A(1.0),02/05/24 23:00:00,A,EMP_LFS,F,Y20-64,PC_POP,BE,2014,62.9,
ESTAT:LFSI_EMP_A(1.0),02/05/24 23:00:00,A,EMP_LFS,F,Y20-64,PC_POP,BE,2017,63.6,b
ESTAT:LFSI_EMP_A(1.0),02/05/24 23:00:00,A,EMP_LFS,F,Y20-64,PC_POP,BE,2020,65.6,
ESTAT:LFSI_EMP_A(1.0),02/05/24 23:00:00,A,EMP_LFS,F,Y20-64,PC_POP,BE,2023,68.3,
ESTAT:LFSI_EMP_A(1.0),02/05/24 23:00:00,A,EMP_LFS,F,Y20-64,PC_POP,BG,2014,61.5,
ESTAT:LFSI_EMP_A(1.0),02/05/24 23:00:00,A,EMP_LFS,F,Y20-64,PC_POP,BG,2017,66.8,
ESTAT:LFSI_EMP_A(1.0),02/05/24 23:00:00,A,EMP_LFS,F,Y20-64,PC_POP,BG,2020,68.5,
ESTAT:LFSI_EMP_A(1.0),02/05/24 23:00:00,A,EMP_LFS,F,Y20-64,PC_POP,BG,2023,72.6,
ESTAT:LFSI_EMP_A(1.0),02/05/24 23:00:00,A,EMP_LFS,F,Y20-64,PC_POP,CH,2014,76.2,
ESTAT:LFSI_EMP_A(1.0),02/05/24 23:00:00,A,EMP_LFS,F,Y20-64,PC_POP,CH,2017,77.4,
ESTAT:LFSI_EMP_A(1.0),02/05/24 23:00:00,A,EMP_LFS,F,Y20-64,PC_POP,CH,2020,78.3,
ESTAT:LFSI_EMP_A(1.0),02/05/24 23:00:00,A,EMP_LFS,F,Y20-64,PC_POP,CH,2023,79.1,
ESTAT:LFSI_EMP_A(1.0),02/05/24 23:00:00,A,EMP_LFS,F,Y20-64,PC_POP,CY,2014,63.9,
ESTAT:LFSI_EMP_A(1.0),02/05/24 23:00:00,A,EMP_LFS,F,Y20-64,PC_POP,CY,2017,66.2,
ESTAT:LFSI_EMP_A(1.0),02/05/24 23:00:00,A,EMP_LFS,F,Y20-64,PC_POP,CY,2020,69.1,
ESTAT:LFSI_EMP_A(1.0),02/05/24 23:00:00,A,EMP_LFS,F,Y20-64,PC_POP,CY,2023,74.6,
ESTAT:LFSI_EMP_A(1.0),02/05/24 23:00:00,A,EMP_LFS,F,Y20-64,PC_POP,CZ,2014,64.7,
ESTAT:LFSI_EMP_A(1.0),02/05/24 23:00:00,A,EMP_LFS,F,Y20-64,PC_POP,CZ,2017,70.5,
ESTAT:LFSI_EMP_A(1.0),02/05/24 23:00:00,A,EMP_LFS,F,Y20-64,PC_POP,CZ,2020,71.9,
ESTAT:LFSI_EMP_A(1.0),02/05/24 23:00:00,A,EMP_LFS,F,Y20-64,PC_POP,CZ,2023,74.5,
ESTAT:LFSI_EMP_A(1.0),02/05/24 23:00:00,A,EMP_LFS,F,Y20-64,PC_POP,DE,2014,72.1,
ESTAT:LFSI_EMP_A(1.0),02/05/24 23:00:00,A,EMP_LFS,F,Y20-64,PC_POP,DE,2017,74.2,
ESTAT:LFSI_EMP_A(1.0),02/05/24 23:00:00,A,EMP_LFS,F,Y20-64,PC_POP,DE,2020,74.4,b
ESTAT:LFSI_EMP_A(1.0),02/05/24 23:00:00,A,EMP_LFS,F,Y20-64,PC_POP,DE,2023,77.2,
ESTAT:LFSI_EMP_A(1.0),02/05/24 23:00:00,A,EMP_LFS,F,Y20-64,PC_POP,DK,2014,71.0,
ESTAT:LFSI_EMP_A(1.0),02/05/24 23:00:00,A,EMP_LFS,F,Y20-64,PC_POP,DK,2017,73.2,b
ESTAT:LFSI_EMP_A(1.0),02/05/24 23:00:00,A,EMP_LFS,F,Y20-64,PC_POP,DK,2020,74.3,
ESTAT:LFSI_EMP_A(1.0),02/05/24 23:00:00,A,EMP_LFS,F,Y20-64,PC_POP,DK,2023,77.0,b
ESTAT:LFSI_EMP_A(1.0),02/05/24 23:00:00,A,EMP_LFS,F,Y20-64,PC_POP,EA20,2014,62.5,
ESTAT:LFSI_EMP_A(1.0),02/05/24 23:00:00,A,EMP_LFS,F,Y20-64,PC_POP,EA20,2017,65.3,
ESTAT:LFSI_EMP_A(1.0),02/05/24 23:00:00,A,EMP_LFS,F,Y20-64,PC_POP,EA20,2020,66.0,
ESTAT:LFSI_EMP_A(1.0),02/05/24 23:00:00,A,EMP_LFS,F,Y20-64,PC_POP,EA20,2023,69.8,
ESTAT:LFSI_EMP_A(1.0),02/05/24 23:00:00,A,EMP_LFS,F,Y20-64,PC_POP,EE,2014,71.9,
ESTAT:LFSI_EMP_A(1.0),02/05/24 23:00:00,A,EMP_LFS,F,Y20-64,PC_POP,EE,2017,76.8,
ESTAT:LFSI_EMP_A(1.0),02/05/24 23:00:00,A,EMP_LFS,F,Y20-64,PC_POP,EE,2020,76.9,
ESTAT:LFSI_EMP_A(1.0),02/05/24 23:00:00,A,EMP_LFS,F,Y20-64,PC_POP,EE,2023,80.9,
ESTAT:LFSI_EMP_A(1.0),02/05/24 23:00:00,A,EMP_LFS,F,Y20-64,PC_POP,EL,2014,43.8,
ESTAT:LFSI_EMP_A(1.0),02/05/24 23:00:00,A,EMP_LFS,F,Y20-64,PC_POP,EL,2017,47.4,
ESTAT:LFSI_EMP_A(1.0),02/05/24 23:00:00,A,EMP_LFS,F,Y20-64,PC_POP,EL,2020,48.7,
ESTAT:LFSI_EMP_A(1.0),02/05/24 23:00:00,A,EMP_LFS,F,Y20-64,PC_POP,EL,2023,57.6,
ESTAT:LFSI_EMP_A(1.0),02/05/24 23:00:00,A,EMP_LFS,F,Y20-64,PC_POP,ES,2014,54.8,
ESTAT:LFSI_EMP_A(1.0),02/05/24 23:00:00,A,EMP_LFS,F,Y20-64,PC_POP,ES,2017,59.6,
ESTAT:LFSI_EMP_A(1.0),02/05/24 23:00:00,A,EMP_LFS,F,Y20-64,PC_POP,ES,2020,60.0,
ESTAT:LFSI_EMP_A(1.0),02/05/24 23:00:00,A,EMP_LFS,F,Y20-64,PC_POP,ES,2023,65.4,d
ESTAT:LFSI_EMP_A(1.0),02/05/24 23:00:00,A,EMP_LFS,F,Y20-64,PC_POP,EU27_2020,2014,62.0,
ESTAT:LFSI_EMP_A(1.0),02/05/24 23:00:00,A,EMP_LFS,F,Y20-64,PC_POP,EU27_2020,2017,65.2,
ESTAT:LFSI_EMP_A(1.0),02/05/24 23:00:00,A,EMP_LFS,F,Y20-64,PC_POP,EU27_2020,2020,66.2,
ESTAT:LFSI_EMP_A(1.0),02/05/24 23:00:00,A,EMP_LFS,F,Y20-64,PC_POP,EU27_2020,2023,70.2,
ESTAT:LFSI_EMP_A(1.0),02/05/24 23:00:00,A,EMP_LFS,F,Y20-64,PC_POP,FI,2014,71.2,
ESTAT:LFSI_EMP_A(1.0),02/05/24 23:00:00,A,EMP_LFS,F,Y20-64,PC_POP,FI,2017,71.3,
ESTAT:LFSI_EMP_A(1.0),02/05/24 23:00:00,A,EMP_LFS,F,Y20-64,PC_POP,FI,2020,73.8,
ESTAT:LFSI_EMP_A(1.0),02/05/24 23:00:00,A,EMP_LFS,F,Y20-64,PC_POP,FI,2023,78.1,
ESTAT:LFSI_EMP_A(1.0),02/05/24 23:00:00,A,EMP_LFS,F,Y20-64,PC_POP,FR,2014,67.0,
ESTAT:LFSI_EMP_A(1.0),02/05/24 23:00:00,A,EMP_LFS,F,Y20-64,PC_POP,FR,2017,68.1,
ESTAT:LFSI_EMP_A(1.0),02/05/24 23:00:00,A,EMP_LFS,F,Y20-64,PC_POP,FR,2020,69.3,
ESTAT:LFSI_EMP_A(1.0),02/05/24 23:00:00,A,EMP_LFS,F,Y20-64,PC_POP,FR,2023,71.7,d
ESTAT:LFSI_EMP_A(1.0),02/05/24 23:00:00,A,EMP_LFS,F,Y20-64,PC_POP,HR,2014,54.2,
ESTAT:LFSI_EMP_A(1.0),02/05/24 23:00:00,A,EMP_LFS,F,Y20-64,PC_POP,HR,2017,58.3,
ESTAT:LFSI_EMP_A(1.0),02/05/24 23:00:00,A,EMP_LFS,F,Y20-64,PC_POP,HR,2020,61.3,
ESTAT:LFSI_EMP_A(1.0),02/05/24 23:00:00,A,EMP_LFS,F,Y20-64,PC_POP,HR,2023,66.8,b
ESTAT:LFSI_EMP_A(1.0),02/05/24 23:00:00,A,EMP_LFS,F,Y20-64,PC_POP,HU,2014,64.1,
ESTAT:LFSI_EMP_A(1.0),02/05/24 23:00:00,A,EMP_LFS,F,Y20-64,PC_POP,HU,2017,69.9,
ESTAT:LFSI_EMP_A(1.0),02/05/24 23:00:00,A,EMP_LFS,F,Y20-64,PC_POP,HU,2020,71.9,
ESTAT:LFSI_EMP_A(1.0),02/05/24 23:00:00,A,EMP_LFS,F,Y20-64,PC_POP,HU,2023,76.1,
ESTAT:LFSI_EMP_A(1.0),02/05/24 23:00:00,A,EMP_LFS,F,Y20-64,PC_POP,IE,2014,62.3,
ESTAT:LFSI_EMP_A(1.0),02/05/24 23:00:00,A,EMP_LFS,F,Y20-64,PC_POP,IE,2017,66.9,
ESTAT:LFSI_EMP_A(1.0),02/05/24 23:00:00,A,EMP_LFS,F,Y20-64,PC_POP,IE,2020,65.8,
ESTAT:LFSI_EMP_A(1.0),02/05/24 23:00:00,A,EMP_LFS,F,Y20-64,PC_POP,IE,2023,74.3,
ESTAT:LFSI_EMP_A(1.0),02/05/24 23:00:00,A,EMP_LFS,F,Y20-64,PC_POP,IS,2014,81.7,
ESTAT:LFSI_EMP_A(1.0),02/05/24 23:00:00,A,EMP_LFS,F,Y20-64,PC_POP,IS,2017,84.5,
ESTAT:LFSI_EMP_A(1.0),02/05/24 23:00:00,A,EMP_LFS,F,Y20-64,PC_POP,IS,2020,79.2,b
ESTAT:LFSI_EMP_A(1.0),02/05/24 23:00:00,A,EMP_LFS,F,Y20-64,PC_POP,IS,2023,82.1,
ESTAT:LFSI_EMP_A(1.0),02/05/24 23:00:00,A,EMP_LFS,F,Y20-64,PC_POP,IT,2014,50.1,
ESTAT:LFSI_EMP_A(1.0),02/05/24 23:00:00,A,EMP_LFS,F,Y20-64,PC_POP,IT,2017,52.5,
ESTAT:LFSI_EMP_A(1.0),02/05/24 23:00:00,A,EMP_LFS,F,Y20-64,PC_POP,IT,2020,52.1,
ESTAT:LFSI_EMP_A(1.0),02/05/24 23:00:00,A,EMP_LFS,F,Y20-64,PC_POP,IT,2023,56.5,
ESTAT:LFSI_EMP_A(1.0),02/05/24 23:00:00,A,EMP_LFS,F,Y20-64,PC_POP,LT,2014,70.6,
ESTAT:LFSI_EMP_A(1.0),02/05/24 23:00:00,A,EMP_LFS,F,Y20-64,PC_POP,LT,2017,75.5,
ESTAT:LFSI_EMP_A(1.0),02/05/24 23:00:00,A,EMP_LFS,F,Y20-64,PC_POP,LT,2020,75.8,
ESTAT:LFSI_EMP_A(1.0),02/05/24 23:00:00,A,EMP_LFS,F,Y20-64,PC_POP,LT,2023,77.7,
ESTAT:LFSI_EMP_A(1.0),02/05/24 23:00:00,A,EMP_LFS,F,Y20-64,PC_POP,LU,2014,65.5,
ESTAT:LFSI_EMP_A(1.0),02/05/24 23:00:00,A,EMP_LFS,F,Y20-64,PC_POP,LU,2017,67.5,
ESTAT:LFSI_EMP_A(1.0),02/05/24 23:00:00,A,EMP_LFS,F,Y20-64,PC_POP,LU,2020,68.5,
ESTAT:LFSI_EMP_A(1.0),02/05/24 23:00:00,A,EMP_LFS,F,Y20-64,PC_POP,LU,2023,71.4,
ESTAT:LFSI_EMP_A(1.0),02/05/24 23:00:00,A,EMP_LFS,F,Y20-64,PC_POP,LV,2014,68.4,
ESTAT:LFSI_EMP_A(1.0),02/05/24 23:00:00,A,EMP_LFS,F,Y20-64,PC_POP,LV,2017,72.6,
ESTAT:LFSI_EMP_A(1.0),02/05/24 23:00:00,A,EMP_LFS,F,Y20-64,PC_POP,LV,2020,75.1,
ESTAT:LFSI_EMP_A(1.0),02/05/24 23:00:00,A,EMP_LFS,F,Y20-64,PC_POP,LV,2023,76.0,
ESTAT:LFSI_EMP_A(1.0),02/05/24 23:00:00,A,EMP_LFS,F,Y20-64,PC_POP,ME,2014,49.7,
ESTAT:LFSI_EMP_A(1.0),02/05/24 23:00:00,A,EMP_LFS,F,Y20-64,PC_POP,ME,2017,51.4,
ESTAT:LFSI_EMP_A(1.0),02/05/24 23:00:00,A,EMP_LFS,F,Y20-64,PC_POP,ME,2020,48.8,
ESTAT:LFSI_EMP_A(1.0),02/05/24 23:00:00,A,EMP_LFS,F,Y20-64,PC_POP,MK,2014,40.8,
ESTAT:LFSI_EMP_A(1.0),02/05/24 23:00:00,A,EMP_LFS,F,Y20-64,PC_POP,MK,2017,43.7,
ESTAT:LFSI_EMP_A(1.0),02/05/24 23:00:00,A,EMP_LFS,F,Y20-64,PC_POP,MK,2020,49.0,
ESTAT:LFSI_EMP_A(1.0),02/05/24 23:00:00,A,EMP_LFS,F,Y20-64,PC_POP,MT,2014,54.3,
ESTAT:LFSI_EMP_A(1.0),02/05/24 23:00:00,A,EMP_LFS,F,Y20-64,PC_POP,MT,2017,60.6,
ESTAT:LFSI_EMP_A(1.0),02/05/24 23:00:00,A,EMP_LFS,F,Y20-64,PC_POP,MT,2020,66.0,
ESTAT:LFSI_EMP_A(1.0),02/05/24 23:00:00,A,EMP_LFS,F,Y20-64,PC_POP,MT,2023,74.0,
ESTAT:LFSI_EMP_A(1.0),02/05/24 23:00:00,A,EMP_LFS,F,Y20-64,PC_POP,NL,2014,70.8,
ESTAT:LFSI_EMP_A(1.0),02/05/24 23:00:00,A,EMP_LFS,F,Y20-64,PC_POP,NL,2017,73.9,
ESTAT:LFSI_EMP_A(1.0),02/05/24 23:00:00,A,EMP_LFS,F,Y20-64,PC_POP,NL,2020,76.6,
ESTAT:LFSI_EMP_A(1.0),02/05/24 23:00:00,A,EMP_LFS,F,Y20-64,PC_POP,NL,2023,79.6,
ESTAT:LFSI_EMP_A(1.0),02/05/24 23:00:00,A,EMP_LFS,F,Y20-64,PC_POP,NO,2014,78.1,
ESTAT:LFSI_EMP_A(1.0),02/05/24 23:00:00,A,EMP_LFS,F,Y20-64,PC_POP,NO,2017,77.6,
ESTAT:LFSI_EMP_A(1.0),02/05/24 23:00:00,A,EMP_LFS,F,Y20-64,PC_POP,NO,2020,77.9,
ESTAT:LFSI_EMP_A(1.0),02/05/24 23:00:00,A,EMP_LFS,F,Y20-64,PC_POP,NO,2023,77.8,
ESTAT:LFSI_EMP_A(1.0),02/05/24 23:00:00,A,EMP_LFS,F,Y20-64,PC_POP,PL,2014,58.2,
ESTAT:LFSI_EMP_A(1.0),02/05/24 23:00:00,A,EMP_LFS,F,Y20-64,PC_POP,PL,2017,63.0,
ESTAT:LFSI_EMP_A(1.0),02/05/24 23:00:00,A,EMP_LFS,F,Y20-64,PC_POP,PL,2020,65.4,
ESTAT:LFSI_EMP_A(1.0),02/05/24 23:00:00,A,EMP_LFS,F,Y20-64,PC_POP,PL,2023,72.0,
ESTAT:LFSI_EMP_A(1.0),02/05/24 23:00:00,A,EMP_LFS,F,Y20-64,PC_POP,PT,2014,62.9,
ESTAT:LFSI_EMP_A(1.0),02/05/24 23:00:00,A,EMP_LFS,F,Y20-64,PC_POP,PT,2017,69.0,
ESTAT:LFSI_EMP_A(1.0),02/05/24 23:00:00,A,EMP_LFS,F,Y20-64,PC_POP,PT,2020,71.4,
ESTAT:LFSI_EMP_A(1.0),02/05/24 23:00:00,A,EMP_LFS,F,Y20-64,PC_POP,PT,2023,75.5,
ESTAT:LFSI_EMP_A(1.0),02/05/24 23:00:00,A,EMP_LFS,F,Y20-64,PC_POP,RO,2014,49.2,
ESTAT:LFSI_EMP_A(1.0),02/05/24 23:00:00,A,EMP_LFS,F,Y20-64,PC_POP,RO,2017,54.0,
ESTAT:LFSI_EMP_A(1.0),02/05/24 23:00:00,A,EMP_LFS,F,Y20-64,PC_POP,RO,2020,55.4,
ESTAT:LFSI_EMP_A(1.0),02/05/24 23:00:00,A,EMP_LFS,F,Y20-64,PC_POP,RO,2023,59.1,
ESTAT:LFSI_EMP_A(1.0),02/05/24 23:00:00,A,EMP_LFS,F,Y20-64,PC_POP,RS,2014,45.7,
ESTAT:LFSI_EMP_A(1.0),02/05/24 23:00:00,A,EMP_LFS,F,Y20-64,PC_POP,RS,2017,52.6,
ESTAT:LFSI_EMP_A(1.0),02/05/24 23:00:00,A,EMP_LFS,F,Y20-64,PC_POP,RS,2020,57.0,
ESTAT:LFSI_EMP_A(1.0),02/05/24 23:00:00,A,EMP_LFS,F,Y20-64,PC_POP,RS,2023,63.4,b
ESTAT:LFSI_EMP_A(1.0),02/05/24 23:00:00,A,EMP_LFS,F,Y20-64,PC_POP,SE,2014,76.9,
ESTAT:LFSI_EMP_A(1.0),02/05/24 23:00:00,A,EMP_LFS,F,Y20-64,PC_POP,SE,2017,79.0,
ESTAT:LFSI_EMP_A(1.0),02/05/24 23:00:00,A,EMP_LFS,F,Y20-64,PC_POP,SE,2020,77.4,
ESTAT:LFSI_EMP_A(1.0),02/05/24 23:00:00,A,EMP_LFS,F,Y20-64,PC_POP,SE,2023,80.2,
ESTAT:LFSI_EMP_A(1.0),02/05/24 23:00:00,A,EMP_LFS,F,Y20-64,PC_POP,SI,2014,63.2,
ESTAT:LFSI_EMP_A(1.0),02/05/24 23:00:00,A,EMP_LFS,F,Y20-64,PC_POP,SI,2017,69.3,
ESTAT:LFSI_EMP_A(1.0),02/05/24 23:00:00,A,EMP_LFS,F,Y20-64,PC_POP,SI,2020,71.7,
ESTAT:LFSI_EMP_A(1.0),02/05/24 23:00:00,A,EMP_LFS,F,Y20-64,PC_POP,SI,2023,74.3,
ESTAT:LFSI_EMP_A(1.0),02/05/24 23:00:00,A,EMP_LFS,F,Y20-64,PC_POP,SK,2014,62.9,
ESTAT:LFSI_EMP_A(1.0),02/05/24 23:00:00,A,EMP_LFS,F,Y20-64,PC_POP,SK,2017,69.4,
ESTAT:LFSI_EMP_A(1.0),02/05/24 23:00:00,A,EMP_LFS,F,Y20-64,PC_POP,SK,2020,70.9,
ESTAT:LFSI_EMP_A(1.0),02/05/24 23:00:00,A,EMP_LFS,F,Y20-64,PC_POP,SK,2023,73.6,
ESTAT:LFSI_EMP_A(1.0),02/05/24 23:00:00,A,EMP_LFS,F,Y20-64,PC_POP,TR,2014,31.6,b
ESTAT:LFSI_EMP_A(1.0),02/05/24 23:00:00,A,EMP_LFS,F,Y20-64,PC_POP,TR,2017,34.5,
ESTAT:LFSI_EMP_A(1.0),02/05/24 23:00:00,A,EMP_LFS,F,Y20-64,PC_POP,TR,2020,32.0,
ESTAT:LFSI_EMP_A(1.0),02/05/24 23:00:00,A,EMP_LFS,F,Y20-64,PC_POP,TR,2023,38.0,
ESTAT:LFSI_EMP_A(1.0),02/05/24 23:00:00,A,EMP_LFS,F,Y25-54,PC_POP,AT,2014,80.3,
ESTAT:LFSI_EMP_A(1.0),02/05/24 23:00:00,A,EMP_LFS,F,Y25-54,PC_POP,AT,2017,81.0,
ESTAT:LFSI_EMP_A(1.0),02/05/24 23:00:00,A,EMP_LFS,F,Y25-54,PC_POP,AT,2020,79.7,
ESTAT:LFSI_EMP_A(1.0),02/05/24 23:00:00,A,EMP_LFS,F,Y25-54,PC_POP,AT,2023,83.0,
ESTAT:LFSI_EMP_A(1.0),02/05/24 23:00:00,A,EMP_LFS,F,Y25-54,PC_POP,BA,2023,50.8,
ESTAT:LFSI_EMP_A(1.0),02/05/24 23:00:00,A,EMP_LFS,F,Y25-54,PC_POP,BE,2014,74.9,
ESTAT:LFSI_EMP_A(1.0),02/05/24 23:00:00,A,EMP_LFS,F,Y25-54,PC_POP,BE,2017,74.6,b
ESTAT:LFSI_EMP_A(1.0),02/05/24 23:00:00,A,EMP_LFS,F,Y25-54,PC_POP,BE,2020,76.1,
ESTAT:LFSI_EMP_A(1.0),02/05/24 23:00:00,A,EMP_LFS,F,Y25-54,PC_POP,BE,2023,77.5,
ESTAT:LFSI_EMP_A(1.0),02/05/24 23:00:00,A,EMP_LFS,F,Y25-54,PC_POP,BG,2014,71.4,
ESTAT:LFSI_EMP_A(1.0),02/05/24 23:00:00,A,EMP_LFS,F,Y25-54,PC_POP,BG,2017,74.7,
ESTAT:LFSI_EMP_A(1.0),02/05/24 23:00:00,A,EMP_LFS,F,Y25-54,PC_POP,BG,2020,75.4,
ESTAT:LFSI_EMP_A(1.0),02/05/24 23:00:00,A,EMP_LFS,F,Y25-54,PC_POP,BG,2023,79.9,
ESTAT:LFSI_EMP_A(1.0),02/05/24 23:00:00,A,EMP_LFS,F,Y25-54,PC_POP,CH,2014,80.7,
ESTAT:LFSI_EMP_A(1.0),02/05/24 23:00:00,A,EMP_LFS,F,Y25-54,PC_POP,CH,2017,81.2,
ESTAT:LFSI_EMP_A(1.0),02/05/24 23:00:00,A,EMP_LFS,F,Y25-54,PC_POP,CH,2020,82.5,
ESTAT:LFSI_EMP_A(1.0),02/05/24 23:00:00,A,EMP_LFS,F,Y25-54,PC_POP,CH,2023,83.4,
ESTAT:LFSI_EMP_A(1.0),02/05/24 23:00:00,A,EMP_LFS,F,Y25-54,PC_POP,CY,2014,73.1,
ESTAT:LFSI_EMP_A(1.0),02/05/24 23:00:00,A,EMP_LFS,F,Y25-54,PC_POP,CY,2017,73.5,
ESTAT:LFSI_EMP_A(1.0),02/05/24 23:00:00,A,EMP_LFS,F,Y25-54,PC_POP,CY,2020,76.5,
ESTAT:LFSI_EMP_A(1.0),02/05/24 23:00:00,A,EMP_LFS,F,Y25-54,PC_POP,CY,2023,80.9,
ESTAT:LFSI_EMP_A(1.0),02/05/24 23:00:00,A,EMP_LFS,F,Y25-54,PC_POP,CZ,2014,75.7,
ESTAT:LFSI_EMP_A(1.0),02/05/24 23:00:00,A,EMP_LFS,F,Y25-54,PC_POP,CZ,2017,79.3,
ESTAT:LFSI_EMP_A(1.0),02/05/24 23:00:00,A,EMP_LFS,F,Y25-54,PC_POP,CZ,2020,78.8,
ESTAT:LFSI_EMP_A(1.0),02/05/24 23:00:00,A,EMP_LFS,F,Y25-54,PC_POP,CZ,2023,80.5,
ESTAT:LFSI_EMP_A(1.0),02/05/24 23:00:00,A,EMP_LFS,F,Y25-54,PC_POP,DE,2014,77.8,
ESTAT:LFSI_EMP_A(1.0),02/05/24 23:00:00,A,EMP_LFS,F,Y25-54,PC_POP,DE,2017,78.9,
ESTAT:LFSI_EMP_A(1.0),02/05/24 23:00:00,A,EMP_LFS,F,Y25-54,PC_POP,DE,2020,79.0,b
ESTAT:LFSI_EMP_A(1.0),02/05/24 23:00:00,A,EMP_LFS,F,Y25-54,PC_POP,DE,2023,81.0,
ESTAT:LFSI_EMP_A(1.0),02/05/24 23:00:00,A,EMP_LFS,F,Y25-54,PC_POP,DK,2014,77.5,
ESTAT:LFSI_EMP_A(1.0),02/05/24 23:00:00,A,EMP_LFS,F,Y25-54,PC_POP,DK,2017,77.7,b
ESTAT:LFSI_EMP_A(1.0),02/05/24 23:00:00,A,EMP_LFS,F,Y25-54,PC_POP,DK,2020,78.3,
ESTAT:LFSI_EMP_A(1.0),02/05/24 23:00:00,A,EMP_LFS,F,Y25-54,PC_POP,DK,2023,80.6,b
ESTAT:LFSI_EMP_A(1.0),02/05/24 23:00:00,A,EMP_LFS,F,Y25-54,PC_POP,EA20,2014,70.4,
ESTAT:LFSI_EMP_A(1.0),02/05/24 23:00:00,A,EMP_LFS,F,Y25-54,PC_POP,EA20,2017,72.3,
ESTAT:LFSI_EMP_A(1.0),02/05/24 23:00:00,A,EMP_LFS,F,Y25-54,PC_POP,EA20,2020,72.9,
ESTAT:LFSI_EMP_A(1.0),02/05/24 23:00:00,A,EMP_LFS,F,Y25-54,PC_POP,EA20,2023,76.3,
ESTAT:LFSI_EMP_A(1.0),02/05/24 23:00:00,A,EMP_LFS,F,Y25-54,PC_POP,EE,2014,77.9,
ESTAT:LFSI_EMP_A(1.0),02/05/24 23:00:00,A,EMP_LFS,F,Y25-54,PC_POP,EE,2017,81.4,
ESTAT:LFSI_EMP_A(1.0),02/05/24 23:00:00,A,EMP_LFS,F,Y25-54,PC_POP,EE,2020,80.2,
ESTAT:LFSI_EMP_A(1.0),02/05/24 23:00:00,A,EMP_LFS,F,Y25-54,PC_POP,EE,2023,83.7,
ESTAT:LFSI_EMP_A(1.0),02/05/24 23:00:00,A,EMP_LFS,F,Y25-54,PC_POP,EL,2014,52.6,
ESTAT:LFSI_EMP_A(1.0),02/05/24 23:00:00,A,EMP_LFS,F,Y25-54,PC_POP,EL,2017,56.5,
ESTAT:LFSI_EMP_A(1.0),02/05/24 23:00:00,A,EMP_LFS,F,Y25-54,PC_POP,EL,2020,57.4,
ESTAT:LFSI_EMP_A(1.0),02/05/24 23:00:00,A,EMP_LFS,F,Y25-54,PC_POP,EL,2023,66.1,
ESTAT:LFSI_EMP_A(1.0),02/05/24 23:00:00,A,EMP_LFS,F,Y25-54,PC_POP,ES,2014,62.3,
ESTAT:LFSI_EMP_A(1.0),02/05/24 23:00:00,A,EMP_LFS,F,Y25-54,PC_POP,ES,2017,67.1,
ESTAT:LFSI_EMP_A(1.0),02/05/24 23:00:00,A,EMP_LFS,F,Y25-54,PC_POP,ES,2020,67.4,
ESTAT:LFSI_EMP_A(1.0),02/05/24 23:00:00,A,EMP_LFS,F,Y25-54,PC_POP,ES,2023,73.0,d
ESTAT:LFSI_EMP_A(1.0),02/05/24 23:00:00,A,EMP_LFS,F,Y25-54,PC_POP,EU27_2020,2014,70.7,
ESTAT:LFSI_EMP_A(1.0),02/05/24 23:00:00,A,EMP_LFS,F,Y25-54,PC_POP,EU27_2020,2017,73.0,
ESTAT:LFSI_EMP_A(1.0),02/05/24 23:00:00,A,EMP_LFS,F,Y25-54,PC_POP,EU27_2020,2020,73.6,
ESTAT:LFSI_EMP_A(1.0),02/05/24 23:00:00,A,EMP_LFS,F,Y25-54,PC_POP,EU27_2020,2023,77.1,
ESTAT:LFSI_EMP_A(1.0),02/05/24 23:00:00,A,EMP_LFS,F,Y25-54,PC_POP,FI,2014,77.2,
ESTAT:LFSI_EMP_A(1.0),02/05/24 23:00:00,A,EMP_LFS,F,Y25-54,PC_POP,FI,2017,76.7,
ESTAT:LFSI_EMP_A(1.0),02/05/24 23:00:00,A,EMP_LFS,F,Y25-54,PC_POP,FI,2020,78.8,
ESTAT:LFSI_EMP_A(1.0),02/05/24 23:00:00,A,EMP_LFS,F,Y25-54,PC_POP,FI,2023,82.0,
ESTAT:LFSI_EMP_A(1.0),02/05/24 23:00:00,A,EMP_LFS,F,Y25-54,PC_POP,FR,2014,77.0,
ESTAT:LFSI_EMP_A(1.0),02/05/24 23:00:00,A,EMP_LFS,F,Y25-54,PC_POP,FR,2017,76.7,
ESTAT:LFSI_EMP_A(1.0),02/05/24 23:00:00,A,EMP_LFS,F,Y25-54,PC_POP,FR,2020,78.2,
ESTAT:LFSI_EMP_A(1.0),02/05/24 23:00:00,A,EMP_LFS,F,Y25-54,PC_POP,FR,2023,79.1,d
ESTAT:LFSI_EMP_A(1.0),02/05/24 23:00:00,A,EMP_LFS,F,Y25-54,PC_POP,HR,2014,67.9,
ESTAT:LFSI_EMP_A(1.0),02/05/24 23:00:00,A,EMP_LFS,F,Y25-54,PC_POP,HR,2017,71.1,
ESTAT:LFSI_EMP_A(1.0),02/05/24 23:00:00,A,EMP_LFS,F,Y25-54,PC_POP,HR,2020,74.5,
ESTAT:LFSI_EMP_A(1.0),02/05/24 23:00:00,A,EMP_LFS,F,Y25-54,PC_POP,HR,2023,78.9,b
ESTAT:LFSI_EMP_A(1.0),02/05/24 23:00:00,A,EMP_LFS,F,Y25-54,PC_POP,HU,2014,78.9,
ESTAT:LFSI_EMP_A(1.0),02/05/24 23:00:00,A,EMP_LFS,F,Y25-54,PC_POP,HU,2017,83.1,
ESTAT:LFSI_EMP_A(1.0),02/05/24 23:00:00,A,EMP_LFS,F,Y25-54,PC_POP,HU,2020,82.5,
ESTAT:LFSI_EMP_A(1.0),02/05/24 23:00:00,A,EMP_LFS,F,Y25-54,PC_POP,HU,2023,84.9,
ESTAT:LFSI_EMP_A(1.0),02/05/24 23:00:00,A,EMP_LFS,F,Y25-54,PC_POP,IE,2014,67.0,
ESTAT:LFSI_EMP_A(1.0),02/05/24 23:00:00,A,EMP_LFS,F,Y25-54,PC_POP,IE,2017,71.6,
ESTAT:LFSI_EMP_A(1.0),02/05/24 23:00:00,A,EMP_LFS,F,Y25-54,PC_POP,IE,2020,70.5,
ESTAT:LFSI_EMP_A(1.0),02/05/24 23:00:00,A,EMP_LFS,F,Y25-54,PC_POP,IE,2023,78.8,
ESTAT:LFSI_EMP_A(1.0),02/05/24 23:00:00,A,EMP_LFS,F,Y25-54,PC_POP,IS,2014,82.6,
ESTAT:LFSI_EMP_A(1.0),02/05/24 23:00:00,A,EMP_LFS,F,Y25-54,PC_POP,IS,2017,87.0,
ESTAT:LFSI_EMP_A(1.0),02/05/24 23:00:00,A,EMP_LFS,F,Y25-54,PC_POP,IS,2020,81.7,b
ESTAT:LFSI_EMP_A(1.0),02/05/24 23:00:00,A,EMP_LFS,F,Y25-54,PC_POP,IS,2023,84.5,
ESTAT:LFSI_EMP_A(1.0),02/05/24 23:00:00,A,EMP_LFS,F,Y25-54,PC_POP,IT,2014,57.4,
ESTAT:LFSI_EMP_A(1.0),02/05/24 23:00:00,A,EMP_LFS,F,Y25-54,PC_POP,IT,2017,59.1,
ESTAT:LFSI_EMP_A(1.0),02/05/24 23:00:00,A,EMP_LFS,F,Y25-54,PC_POP,IT,2020,58.5,
ESTAT:LFSI_EMP_A(1.0),02/05/24 23:00:00,A,EMP_LFS,F,Y25-54,PC_POP,IT,2023,63.8,
ESTAT:LFSI_EMP_A(1.0),02/05/24 23:00:00,A,EMP_LFS,F,Y25-54,PC_POP,LT,2014,80.9,
ESTAT:LFSI_EMP_A(1.0),02/05/24 23:00:00,A,EMP_LFS,F,Y25-54,PC_POP,LT,2017,83.6,
ESTAT:LFSI_EMP_A(1.0),02/05/24 23:00:00,A,EMP_LFS,F,Y25-54,PC_POP,LT,2020,83.4,
ESTAT:LFSI_EMP_A(1.0),02/05/24 23:00:00,A,EMP_LFS,F,Y25-54,PC_POP,LT,2023,83.2,
ESTAT:LFSI_EMP_A(1.0),02/05/24 23:00:00,A,EMP_LFS,F,Y25-54,PC_POP,LU,2014,76.8,
ESTAT:LFSI_EMP_A(1.0),02/05/24 23:00:00,A,EMP_LFS,F,Y25-54,PC_POP,LU,2017,79.8,
ESTAT:LFSI_EMP_A(1.0),02/05/24 23:00:00,A,EMP_LFS,F,Y25-54,PC_POP,LU,2020,80.0,
ESTAT:LFSI_EMP_A(1.0),02/05/24 23:00:00,A,EMP_LFS,F,Y25-54,PC_POP,LU,2023,83.2,
ESTAT:LFSI_EMP_A(1.0),02/05/24 23:00:00,A,EMP_LFS,F,Y25-54,PC_POP,LV,2014,75.9,
ESTAT:LFSI_EMP_A(1.0),02/05/24 23:00:00,A,EMP_LFS,F,Y25-54,PC_POP,LV,2017,78.9,
ESTAT:LFSI_EMP_A(1.0),02/05/24 23:00:00,A,EMP_LFS,F,Y25-54,PC_POP,LV,2020,80.5,
ESTAT:LFSI_EMP_A(1.0),02/05/24 23:00:00,A,EMP_LFS,F,Y25-54,PC_POP,LV,2023,79.7,
ESTAT:LFSI_EMP_A(1.0),02/05/24 23:00:00,A,EMP_LFS,F,Y25-54,PC_POP,ME,2014,59.6,
ESTAT:LFSI_EMP_A(1.0),02/05/24 23:00:00,A,EMP_LFS,F,Y25-54,PC_POP,ME,2017,59.2,
ESTAT:LFSI_EMP_A(1.0),02/05/24 23:00:00,A,EMP_LFS,F,Y25-54,PC_POP,ME,2020,56.3,
ESTAT:LFSI_EMP_A(1.0),02/05/24 23:00:00,A,EMP_LFS,F,Y25-54,PC_POP,MK,2014,48.5,
ESTAT:LFSI_EMP_A(1.0),02/05/24 23:00:00,A,EMP_LFS,F,Y25-54,PC_POP,MK,2017,51.8,
ESTAT:LFSI_EMP_A(1.0),02/05/24 23:00:00,A,EMP_LFS,F,Y25-54,PC_POP,MK,2020,57.7,
ESTAT:LFSI_EMP_A(1.0),02/05/24 23:00:00,A,EMP_LFS,F,Y25-54,PC_POP,MT,2014,62.9,
ESTAT:LFSI_EMP_A(1.0),02/05/24 23:00:00,A,EMP_LFS,F,Y25-54,PC_POP,MT,2017,69.5,
ESTAT:LFSI_EMP_A(1.0),02/05/24 23:00:00,A,EMP_LFS,F,Y25-54,PC_POP,MT,2020,73.6,
ESTAT:LFSI_EMP_A(1.0),02/05/24 23:00:00,A,EMP_LFS,F,Y25-54,PC_POP,MT,2023,81.7,
ESTAT:LFSI_EMP_A(1.0),02/05/24 23:00:00,A,EMP_LFS,F,Y25-54,PC_POP,NL,2014,76.8,
ESTAT:LFSI_EMP_A(1.0),02/05/24 23:00:00,A,EMP_LFS,F,Y25-54,PC_POP,NL,2017,78.9,
ESTAT:LFSI_EMP_A(1.0),02/05/24 23:00:00,A,EMP_LFS,F,Y25-54,PC_POP,NL,2020,81.5,
ESTAT:LFSI_EMP_A(1.0),02/05/24 23:00:00,A,EMP_LFS,F,Y25-54,PC_POP,NL,2023,83.5,
ESTAT:LFSI_EMP_A(1.0),02/05/24 23:00:00,A,EMP_LFS,F,Y25-54,PC_POP,NO,2014,81.9,
ESTAT:LFSI_EMP_A(1.0),02/05/24 23:00:00,A,EMP_LFS,F,Y25-54,PC_POP,NO,2017,81.8,
ESTAT:LFSI_EMP_A(1.0),02/05/24 23:00:00,A,EMP_LFS,F,Y25-54,PC_POP,NO,2020,81.6,
ESTAT:LFSI_EMP_A(1.0),02/05/24 23:00:00,A,EMP_LFS,F,Y25-54,PC_POP,NO,2023,81.6,
ESTAT:LFSI_EMP_A(1.0),02/05/24 23:00:00,A,EMP_LFS,F,Y25-54,PC_POP,PL,2014,71.4,
ESTAT:LFSI_EMP_A(1.0),02/05/24 23:00:00,A,EMP_LFS,F,Y25-54,PC_POP,PL,2017,74.8,
ESTAT:LFSI_EMP_A(1.0),02/05/24 23:00:00,A,EMP_LFS,F,Y25-54,PC_POP,PL,2020,76.5,
ESTAT:LFSI_EMP_A(1.0),02/05/24 23:00:00,A,EMP_LFS,F,Y25-54,PC_POP,PL,2023,82.4,
ESTAT:LFSI_EMP_A(1.0),02/05/24 23:00:00,A,EMP_LFS,F,Y25-54,PC_POP,PT,2014,73.6,
ESTAT:LFSI_EMP_A(1.0),02/05/24 23:00:00,A,EMP_LFS,F,Y25-54,PC_POP,PT,2017,79.3,
ESTAT:LFSI_EMP_A(1.0),02/05/24 23:00:00,A,EMP_LFS,F,Y25-54,PC_POP,PT,2020,81.6,
ESTAT:LFSI_EMP_A(1.0),02/05/24 23:00:00,A,EMP_LFS,F,Y25-54,PC_POP,PT,2023,84.0,
ESTAT:LFSI_EMP_A(1.0),02/05/24 23:00:00,A,EMP_LFS,F,Y25-54,PC_POP,RO,2014,61.7,
ESTAT:LFSI_EMP_A(1.0),02/05/24 23:00:00,A,EMP_LFS,F,Y25-54,PC_POP,RO,2017,66.0,
ESTAT:LFSI_EMP_A(1.0),02/05/24 23:00:00,A,EMP_LFS,F,Y25-54,PC_POP,RO,2020,66.1,
ESTAT:LFSI_EMP_A(1.0),02/05/24 23:00:00,A,EMP_LFS,F,Y25-54,PC_POP,RO,2023,69.1,
ESTAT:LFSI_EMP_A(1.0),02/05/24 23:00:00,A,EMP_LFS,F,Y25-54,PC_POP,RS,2014,58.4,
ESTAT:LFSI_EMP_A(1.0),02/05/24 23:00:00,A,EMP_LFS,F,Y25-54,PC_POP,RS,2017,64.4,
ESTAT:LFSI_EMP_A(1.0),02/05/24 23:00:00,A,EMP_LFS,F,Y25-54,PC_POP,RS,2020,67.8,
ESTAT:LFSI_EMP_A(1.0),02/05/24 23:00:00,A,EMP_LFS,F,Y25-54,PC_POP,RS,2023,72.6,b
ESTAT:LFSI_EMP_A(1.0),02/05/24 23:00:00,A,EMP_LFS,F,Y25-54,PC_POP,SE,2014,81.8,
ESTAT:LFSI_EMP_A(1.0),02/05/24 23:00:00,A,EMP_LFS,F,Y25-54,PC_POP,SE,2017,83.1,
ESTAT:LFSI_EMP_A(1.0),02/05/24 23:00:00,A,EMP_LFS,F,Y25-54,PC_POP,SE,2020,81.1,
ESTAT:LFSI_EMP_A(1.0),02/05/24 23:00:00,A,EMP_LFS,F,Y25-54,PC_POP,SE,2023,84.5,
ESTAT:LFSI_EMP_A(1.0),02/05/24 23:00:00,A,EMP_LFS,F,Y25-54,PC_POP,SI,2014,78.5,
ESTAT:LFSI_EMP_A(1.0),02/05/24 23:00:00,A,EMP_LFS,F,Y25-54,PC_POP,SI,2017,83.0,
ESTAT:LFSI_EMP_A(1.0),02/05/24 23:00:00,A,EMP_LFS,F,Y25-54,PC_POP,SI,2020,84.7,
ESTAT:LFSI_EMP_A(1.0),02/05/24 23:00:00,A,EMP_LFS,F,Y25-54,PC_POP,SI,2023,87.0,
ESTAT:LFSI_EMP_A(1.0),02/05/24 23:00:00,A,EMP_LFS,F,Y25-54,PC_POP,SK,2014,75.2,
ESTAT:LFSI_EMP_A(1.0),02/05/24 23:00:00,A,EMP_LFS,F,Y25-54,PC_POP,SK,2017,78.6,
ESTAT:LFSI_EMP_A(1.0),02/05/24 23:00:00,A,EMP_LFS,F,Y25-54,PC_POP,SK,2020,79.3,
ESTAT:LFSI_EMP_A(1.0),02/05/24 23:00:00,A,EMP_LFS,F,Y25-54,PC_POP,SK,2023,81.3,
ESTAT:LFSI_EMP_A(1.0),02/05/24 23:00:00,A,EMP_LFS,F,Y25-54,PC_POP,TR,2014,34.6,b
ESTAT:LFSI_EMP_A(1.0),02/05/24 23:00:00,A,EMP_LFS,F,Y25-54,PC_POP,TR,2017,38.3,
ESTAT:LFSI_EMP_A(1.0),02/05/24 23:00:00,A,EMP_LFS,F,Y25-54,PC_POP,TR,2020,36.2,
ESTAT:LFSI_EMP_A(1.0),02/05/24 23:00:00,A,EMP_LFS,F,Y25-54,PC_POP,TR,2023,42.4,
ESTAT:LFSI_EMP_A(1.0),02/05/24 23:00:00,A,EMP_LFS,F,Y55-64,PC_POP,AT,2014,36.4,
ESTAT:LFSI_EMP_A(1.0),02/05/24 23:00:00,A,EMP_LFS,F,Y55-64,PC_POP,AT,2017,42.8,
ESTAT:LFSI_EMP_A(1.0),02/05/24 23:00:00,A,EMP_LFS,F,Y55-64,PC_POP,AT,2020,46.4,
ESTAT:LFSI_EMP_A(1.0),02/05/24 23:00:00,A,EMP_LFS,F,Y55-64,PC_POP,AT,2023,49.4,
ESTAT:LFSI_EMP_A(1.0),02/05/24 23:00:00,A,EMP_LFS,F,Y55-64,PC_POP,BA,2023,26.8,
ESTAT:LFSI_EMP_A(1.0),02/05/24 23:00:00,A,EMP_LFS,F,Y55-64,PC_POP,BE,2014,37.0,
ESTAT:LFSI_EMP_A(1.0),02/05/24 23:00:00,A,EMP_LFS,F,Y55-64,PC_POP,BE,2017,42.8,b
ESTAT:LFSI_EMP_A(1.0),02/05/24 23:00:00,A,EMP_LFS,F,Y55-64,PC_POP,BE,2020,47.8,
ESTAT:LFSI_EMP_A(1.0),02/05/24 23:00:00,A,EMP_LFS,F,Y55-64,PC_POP,BE,2023,53.4,
ESTAT:LFSI_EMP_A(1.0),02/05/24 23:00:00,A,EMP_LFS,F,Y55-64,PC_POP,BG,2014,45.3,
ESTAT:LFSI_EMP_A(1.0),02/05/24 23:00:00,A,EMP_LFS,F,Y55-64,PC_POP,BG,2017,53.5,
ESTAT:LFSI_EMP_A(1.0),02/05/24 23:00:00,A,EMP_LFS,F,Y55-64,PC_POP,BG,2020,58.7,
ESTAT:LFSI_EMP_A(1.0),02/05/24 23:00:00,A,EMP_LFS,F,Y55-64,PC_POP,BG,2023,65.3,
ESTAT:LFSI_EMP_A(1.0),02/05/24 23:00:00,A,EMP_LFS,F,Y55-64,PC_POP,CH,2014,62.1,
ESTAT:LFSI_EMP_A(1.0),02/05/24 23:00:00,A,EMP_LFS,F,Y55-64,PC_POP,CH,2017,65.8,
ESTAT:LFSI_EMP_A(1.0),02/05/24 23:00:00,A,EMP_LFS,F,Y55-64,PC_POP,CH,2020,67.8,
ESTAT:LFSI_EMP_A(1.0),02/05/24 23:00:00,A,EMP_LFS,F,Y55-64,PC_POP,CH,2023,69.1,
ESTAT:LFSI_EMP_A(1.0),02/05/24 23:00:00,A,EMP_LFS,F,Y55-64,PC_POP,CY,2014,36.9,
ESTAT:LFSI_EMP_A(1.0),02/05/24 23:00:00,A,EMP_LFS,F,Y55-64,PC_POP,CY,2017,46.2,
ESTAT:LFSI_EMP_A(1.0),02/05/24 23:00:00,A,EMP_LFS,F,Y55-64,PC_POP,CY,2020,49.3,
ESTAT:LFSI_EMP_A(1.0),02/05/24 23:00:00,A,EMP_LFS,F,Y55-64,PC_POP,CY,2023,59.1,
ESTAT:LFSI_EMP_A(1.0),02/05/24 23:00:00,A,EMP_LFS,F,Y55-64,PC_POP,CZ,2014,43.8,
ESTAT:LFSI_EMP_A(1.0),02/05/24 23:00:00,A,EMP_LFS,F,Y55-64,PC_POP,CZ,2017,53.0,
ESTAT:LFSI_EMP_A(1.0),02/05/24 23:00:00,A,EMP_LFS,F,Y55-64,PC_POP,CZ,2020,61.3,
ESTAT:LFSI_EMP_A(1.0),02/05/24 23:00:00,A,EMP_LFS,F,Y55-64,PC_POP,CZ,2023,69.0,
ESTAT:LFSI_EMP_A(1.0),02/05/24 23:00:00,A,EMP_LFS,F,Y55-64,PC_POP,DE,2014,59.1,
ESTAT:LFSI_EMP_A(1.0),02/05/24 23:00:00,A,EMP_LFS,F,Y55-64,PC_POP,DE,2017,64.4,
ESTAT:LFSI_EMP_A(1.0),02/05/24 23:00:00,A,EMP_LFS,F,Y55-64,PC_POP,DE,2020,66.8,b
ESTAT:LFSI_EMP_A(1.0),02/05/24 23:00:00,A,EMP_LFS,F,Y55-64,PC_POP,DE,2023,71.0,
ESTAT:LFSI_EMP_A(1.0),02/05/24 23:00:00,A,EMP_LFS,F,Y55-64,PC_POP,DK,2014,54.9,
ESTAT:LFSI_EMP_A(1.0),02/05/24 23:00:00,A,EMP_LFS,F,Y55-64,PC_POP,DK,2017,64.4,b
ESTAT:LFSI_EMP_A(1.0),02/05/24 23:00:00,A,EMP_LFS,F,Y55-64,PC_POP,DK,2020,67.1,
ESTAT:LFSI_EMP_A(1.0),02/05/24 23:00:00,A,EMP_LFS,F,Y55-64,PC_POP,DK,2023,70.1,b
ESTAT:LFSI_EMP_A(1.0),02/05/24 23:00:00,A,EMP_LFS,F,Y55-64,PC_POP,EA20,2014,45.5,
ESTAT:LFSI_EMP_A(1.0),02/05/24 23:00:00,A,EMP_LFS,F,Y55-64,PC_POP,EA20,2017,51.1,
ESTAT:LFSI_EMP_A(1.0),02/05/24 23:00:00,A,EMP_LFS,F,Y55-64,PC_POP,EA20,2020,54.3,
ESTAT:LFSI_EMP_A(1.0),02/05/24 23:00:00,A,EMP_LFS,F,Y55-64,PC_POP,EA20,2023,58.9,
ESTAT:LFSI_EMP_A(1.0),02/05/24 23:00:00,A,EMP_LFS,F,Y55-64,PC_POP,EE,2014,63.1,
ESTAT:LFSI_EMP_A(1.0),02/05/24 23:00:00,A,EMP_LFS,F,Y55-64,PC_POP,EE,2017,69.3,
ESTAT:LFSI_EMP_A(1.0),02/05/24 23:00:00,A,EMP_LFS,F,Y55-64,PC_POP,EE,2020,73.9,
ESTAT:LFSI_EMP_A(1.0),02/05/24 23:00:00,A,EMP_LFS,F,Y55-64,PC_POP,EE,2023,77.7,
ESTAT:LFSI_EMP_A(1.0),02/05/24 23:00:00,A,EMP_LFS,F,Y55-64,PC_POP,EL,2014,24.7,
ESTAT:LFSI_EMP_A(1.0),02/05/24 23:00:00,A,EMP_LFS,F,Y55-64,PC_POP,EL,2017,27.7,
ESTAT:LFSI_EMP_A(1.0),02/05/24 23:00:00,A,EMP_LFS,F,Y55-64,PC_POP,EL,2020,31.6,
ESTAT:LFSI_EMP_A(1.0),02/05/24 23:00:00,A,EMP_LFS,F,Y55-64,PC_POP,EL,2023,42.8,
ESTAT:LFSI_EMP_A(1.0),02/05/24 23:00:00,A,EMP_LFS,F,Y55-64,PC_POP,ES,2014,37.8,
ESTAT:LFSI_EMP_A(1.0),02/05/24 23:00:00,A,EMP_LFS,F,Y55-64,PC_POP,ES,2017,43.5,
ESTAT:LFSI_EMP_A(1.0),02/05/24 23:00:00,A,EMP_LFS,F,Y55-64,PC_POP,ES,2020,48.0,
ESTAT:LFSI_EMP_A(1.0),02/05/24 23:00:00,A,EMP_LFS,F,Y55-64,PC_POP,ES,2023,53.0,d
ESTAT:LFSI_EMP_A(1.0),02/05/24 23:00:00,A,EMP_LFS,F,Y55-64,PC_POP,EU27_2020,2014,43.3,
ESTAT:LFSI_EMP_A(1.0),02/05/24 23:00:00,A,EMP_LFS,F,Y55-64,PC_POP,EU27_2020,2017,49.3,
ESTAT:LFSI_EMP_A(1.0),02/05/24 23:00:00,A,EMP_LFS,F,Y55-64,PC_POP,EU27_2020,2020,52.9,
ESTAT:LFSI_EMP_A(1.0),02/05/24 23:00:00,A,EMP_LFS,F,Y55-64,PC_POP,EU27_2020,2023,58.1,
ESTAT:LFSI_EMP_A(1.0),02/05/24 23:00:00,A,EMP_LFS,F,Y55-64,PC_POP,FI,2014,60.7,
ESTAT:LFSI_EMP_A(1.0),02/05/24 23:00:00,A,EMP_LFS,F,Y55-64,PC_POP,FI,2017,62.5,
ESTAT:LFSI_EMP_A(1.0),02/05/24 23:00:00,A,EMP_LFS,F,Y55-64,PC_POP,FI,2020,67.3,
ESTAT:LFSI_EMP_A(1.0),02/05/24 23:00:00,A,EMP_LFS,F,Y55-64,PC_POP,FI,2023,73.4,
ESTAT:LFSI_EMP_A(1.0),02/05/24 23:00:00,A,EMP_LFS,F,Y55-64,PC_POP,FR,2014,47.2,
ESTAT:LFSI_EMP_A(1.0),02/05/24 23:00:00,A,EMP_LFS,F,Y55-64,PC_POP,FR,2017,52.0,
ESTAT:LFSI_EMP_A(1.0),02/05/24 23:00:00,A,EMP_LFS,F,Y55-64,PC_POP,FR,2020,53.9,
ESTAT:LFSI_EMP_A(1.0),02/05/24 23:00:00,A,EMP_LFS,F,Y55-64,PC_POP,FR,2023,57.2,d
ESTAT:LFSI_EMP_A(1.0),02/05/24 23:00:00,A,EMP_LFS,F,Y55-64,PC_POP,HR,2014,27.3,
ESTAT:LFSI_EMP_A(1.0),02/05/24 23:00:00,A,EMP_LFS,F,Y55-64,PC_POP,HR,2017,32.3,
ESTAT:LFSI_EMP_A(1.0),02/05/24 23:00:00,A,EMP_LFS,F,Y55-64,PC_POP,HR,2020,38.2,
ESTAT:LFSI_EMP_A(1.0),02/05/24 23:00:00,A,EMP_LFS,F,Y55-64,PC_POP,HR,2023,47.6,b
ESTAT:LFSI_EMP_A(1.0),02/05/24 23:00:00,A,EMP_LFS,F,Y55-64,PC_POP,HU,2014,35.2,
ESTAT:LFSI_EMP_A(1.0),02/05/24 23:00:00,A,EMP_LFS,F,Y55-64,PC_POP,HU,2017,42.4,
ESTAT:LFSI_EMP_A(1.0),02/05/24 23:00:00,A,EMP_LFS,F,Y55-64,PC_POP,HU,2020,49.2,
ESTAT:LFSI_EMP_A(1.0),02/05/24 23:00:00,A,EMP_LFS,F,Y55-64,PC_POP,HU,2023,60.1,
ESTAT:LFSI_EMP_A(1.0),02/05/24 23:00:00,A,EMP_LFS,F,Y55-64,PC_POP,IE,2014,44.4,
ESTAT:LFSI_EMP_A(1.0),02/05/24 23:00:00,A,EMP_LFS,F,Y55-64,PC_POP,IE,2017,50.2,
ESTAT:LFSI_EMP_A(1.0),02/05/24 23:00:00,A,EMP_LFS,F,Y55-64,PC_POP,IE,2020,53.0,
ESTAT:LFSI_EMP_A(1.0),02/05/24 23:00:00,A,EMP_LFS,F,Y55-64,PC_POP,IE,2023,60.0,
ESTAT:LFSI_EMP_A(1.0),02/05/24 23:00:00,A,EMP_LFS,F,Y55-64,PC_POP,IS,2014,80.8,
ESTAT:LFSI_EMP_A(1.0),02/05/24 23:00:00,A,EMP_LFS,F,Y55-64,PC_POP,IS,2017,78.6,
ESTAT:LFSI_EMP_A(1.0),02/05/24 23:00:00,A,EMP_LFS,F,Y55-64,PC_POP,IS,2020,73.5,b
ESTAT:LFSI_EMP_A(1.0),02/05/24 23:00:00,A,EMP_LFS,F,Y55-64,PC_POP,IS,2023,75.1,
ESTAT:LFSI_EMP_A(1.0),02/05/24 23:00:00,A,EMP_LFS,F,Y55-64,PC_POP,IT,2014,36.4,
ESTAT:LFSI_EMP_A(1.0),02/05/24 23:00:00,A,EMP_LFS,F,Y55-64,PC_POP,IT,2017,42.2,
ESTAT:LFSI_EMP_A(1.0),02/05/24 23:00:00,A,EMP_LFS,F,Y55-64,PC_POP,IT,2020,43.8,
ESTAT:LFSI_EMP_A(1.0),02/05/24 23:00:00,A,EMP_LFS,F,Y55-64,PC_POP,IT,2023,47.2,
ESTAT:LFSI_EMP_A(1.0),02/05/24 23:00:00,A,EMP_LFS,F,Y55-64,PC_POP,LT,2014,54.3,
ESTAT:LFSI_EMP_A(1.0),02/05/24 23:00:00,A,EMP_LFS,F,Y55-64,PC_POP,LT,2017,65.2,
ESTAT:LFSI_EMP_A(1.0),02/05/24 23:00:00,A,EMP_LFS,F,Y55-64,PC_POP,LT,2020,66.9,
ESTAT:LFSI_EMP_A(1.0),02/05/24 23:00:00,A,EMP_LFS,F,Y55-64,PC_POP,LT,2023,69.9,
ESTAT:LFSI_EMP_A(1.0),02/05/24 23:00:00,A,EMP_LFS,F,Y55-64,PC_POP,LU,2014,35.0,
ESTAT:LFSI_EMP_A(1.0),02/05/24 23:00:00,A,EMP_LFS,F,Y55-64,PC_POP,LU,2017,33.9,
ESTAT:LFSI_EMP_A(1.0),02/05/24 23:00:00,A,EMP_LFS,F,Y55-64,PC_POP,LU,2020,40.6,
ESTAT:LFSI_EMP_A(1.0),02/05/24 23:00:00,A,EMP_LFS,F,Y55-64,PC_POP,LU,2023,42.1,
ESTAT:LFSI_EMP_A(1.0),02/05/24 23:00:00,A,EMP_LFS,F,Y55-64,PC_POP,LV,2014,56.3,
ESTAT:LFSI_EMP_A(1.0),02/05/24 23:00:00,A,EMP_LFS,F,Y55-64,PC_POP,LV,2017,62.0,
ESTAT:LFSI_EMP_A(1.0),02/05/24 23:00:00,A,EMP_LFS,F,Y55-64,PC_POP,LV,2020,67.8,
ESTAT:LFSI_EMP_A(1.0),02/05/24 23:00:00,A,EMP_LFS,F,Y55-64,PC_POP,LV,2023,71.7,
ESTAT:LFSI_EMP_A(1.0),02/05/24 23:00:00,A,EMP_LFS,F,Y55-64,PC_POP,ME,2014,29.7,
ESTAT:LFSI_EMP_A(1.0),02/05/24 23:00:00,A,EMP_LFS,F,Y55-64,PC_POP,ME,2017,35.1,
ESTAT:LFSI_EMP_A(1.0),02/05/24 23:00:00,A,EMP_LFS,F,Y55-64,PC_POP,ME,2020,35.5,
ESTAT:LFSI_EMP_A(1.0),02/05/24 23:00:00,A,EMP_LFS,F,Y55-64,PC_POP,MK,2014,27.1,
ESTAT:LFSI_EMP_A(1.0),02/05/24 23:00:00,A,EMP_LFS,F,Y55-64,PC_POP,MK,2017,28.5,
ESTAT:LFSI_EMP_A(1.0),02/05/24 23:00:00,A,EMP_LFS,F,Y55-64,PC_POP,MK,2020,31.3,
ESTAT:LFSI_EMP_A(1.0),02/05/24 23:00:00,A,EMP_LFS,F,Y55-64,PC_POP,MT,2014,22.1,
ESTAT:LFSI_EMP_A(1.0),02/05/24 23:00:00,A,EMP_LFS,F,Y55-64,PC_POP,MT,2017,29.9,
ESTAT:LFSI_EMP_A(1.0),02/05/24 23:00:00,A,EMP_LFS,F,Y55-64,PC_POP,MT,2020,36.3,
ESTAT:LFSI_EMP_A(1.0),02/05/24 23:00:00,A,EMP_LFS,F,Y55-64,PC_POP,MT,2023,44.1,
ESTAT:LFSI_EMP_A(1.0),02/05/24 23:00:00,A,EMP_LFS,F,Y55-64,PC_POP,NL,2014,49.6,
ESTAT:LFSI_EMP_A(1.0),02/05/24 23:00:00,A,EMP_LFS,F,Y55-64,PC_POP,NL,2017,55.8,
ESTAT:LFSI_EMP_A(1.0),02/05/24 23:00:00,A,EMP_LFS,F,Y55-64,PC_POP,NL,2020,61.8,
ESTAT:LFSI_EMP_A(1.0),02/05/24 23:00:00,A,EMP_LFS,F,Y55-64,PC_POP,NL,2023,68.3,
ESTAT:LFSI_EMP_A(1.0),02/05/24 23:00:00,A,EMP_LFS,F,Y55-64,PC_POP,NO,2014,69.8,
ESTAT:LFSI_EMP_A(1.0),02/05/24 23:00:00,A,EMP_LFS,F,Y55-64,PC_POP,NO,2017,69.1,
ESTAT:LFSI_EMP_A(1.0),02/05/24 23:00:00,A,EMP_LFS,F,Y55-64,PC_POP,NO,2020,70.3,
ESTAT:LFSI_EMP_A(1.0),02/05/24 23:00:00,A,EMP_LFS,F,Y55-64,PC_POP,NO,2023,70.0,
ESTAT:LFSI_EMP_A(1.0),02/05/24 23:00:00,A,EMP_LFS,F,Y55-64,PC_POP,PL,2014,31.4,
ESTAT:LFSI_EMP_A(1.0),02/05/24 23:00:00,A,EMP_LFS,F,Y55-64,PC_POP,PL,2017,38.0,
ESTAT:LFSI_EMP_A(1.0),02/05/24 23:00:00,A,EMP_LFS,F,Y55-64,PC_POP,PL,2020,40.1,
ESTAT:LFSI_EMP_A(1.0),02/05/24 23:00:00,A,EMP_LFS,F,Y55-64,PC_POP,PL,2023,47.0,
ESTAT:LFSI_EMP_A(1.0),02/05/24 23:00:00,A,EMP_LFS,F,Y55-64,PC_POP,PT,2014,38.5,
ESTAT:LFSI_EMP_A(1.0),02/05/24 23:00:00,A,EMP_LFS,F,Y55-64,PC_POP,PT,2017,47.9,
ESTAT:LFSI_EMP_A(1.0),02/05/24 23:00:00,A,EMP_LFS,F,Y55-64,PC_POP,PT,2020,55.3,
ESTAT:LFSI_EMP_A(1.0),02/05/24 23:00:00,A,EMP_LFS,F,Y55-64,PC_POP,PT,2023,63.6,
ESTAT:LFSI_EMP_A(1.0),02/05/24 23:00:00,A,EMP_LFS,F,Y55-64,PC_POP,RO,2014,23.3,
ESTAT:LFSI_EMP_A(1.0),02/05/24 23:00:00,A,EMP_LFS,F,Y55-64,PC_POP,RO,2017,27.2,
ESTAT:LFSI_EMP_A(1.0),02/05/24 23:00:00,A,EMP_LFS,F,Y55-64,PC_POP,RO,2020,30.7,
ESTAT:LFSI_EMP_A(1.0),02/05/24 23:00:00,A,EMP_LFS,F,Y55-64,PC_POP,RO,2023,40.3,
ESTAT:LFSI_EMP_A(1.0),02/05/24 23:00:00,A,EMP_LFS,F,Y55-64,PC_POP,RS,2014,23.5,
ESTAT:LFSI_EMP_A(1.0),02/05/24 23:00:00,A,EMP_LFS,F,Y55-64,PC_POP,RS,2017,32.3,
ESTAT:LFSI_EMP_A(1.0),02/05/24 23:00:00,A,EMP_LFS,F,Y55-64,PC_POP,RS,2020,39.1,
ESTAT:LFSI_EMP_A(1.0),02/05/24 23:00:00,A,EMP_LFS,F,Y55-64,PC_POP,RS,2023,49.7,b
ESTAT:LFSI_EMP_A(1.0),02/05/24 23:00:00,A,EMP_LFS,F,Y55-64,PC_POP,SE,2014,70.5,
ESTAT:LFSI_EMP_A(1.0),02/05/24 23:00:00,A,EMP_LFS,F,Y55-64,PC_POP,SE,2017,73.3,
ESTAT:LFSI_EMP_A(1.0),02/05/24 23:00:00,A,EMP_LFS,F,Y55-64,PC_POP,SE,2020,74.3,
ESTAT:LFSI_EMP_A(1.0),02/05/24 23:00:00,A,EMP_LFS,F,Y55-64,PC_POP,SE,2023,75.3,
ESTAT:LFSI_EMP_A(1.0),02/05/24 23:00:00,A,EMP_LFS,F,Y55-64,PC_POP,SI,2014,28.8,
ESTAT:LFSI_EMP_A(1.0),02/05/24 23:00:00,A,EMP_LFS,F,Y55-64,PC_POP,SI,2017,37.2,
ESTAT:LFSI_EMP_A(1.0),02/05/24 23:00:00,A,EMP_LFS,F,Y55-64,PC_POP,SI,2020,46.1,
ESTAT:LFSI_EMP_A(1.0),02/05/24 23:00:00,A,EMP_LFS,F,Y55-64,PC_POP,SI,2023,50.8,
ESTAT:LFSI_EMP_A(1.0),02/05/24 23:00:00,A,EMP_LFS,F,Y55-64,PC_POP,SK,2014,39.8,
ESTAT:LFSI_EMP_A(1.0),02/05/24 23:00:00,A,EMP_LFS,F,Y55-64,PC_POP,SK,2017,53.1,
ESTAT:LFSI_EMP_A(1.0),02/05/24 23:00:00,A,EMP_LFS,F,Y55-64,PC_POP,SK,2020,59.1,
ESTAT:LFSI_EMP_A(1.0),02/05/24 23:00:00,A,EMP_LFS,F,Y55-64,PC_POP,SK,2023,63.4,
ESTAT:LFSI_EMP_A(1.0),02/05/24 23:00:00,A,EMP_LFS,F,Y55-64,PC_POP,TR,2014,17.5,b
ESTAT:LFSI_EMP_A(1.0),02/05/24 23:00:00,A,EMP_LFS,F,Y55-64,PC_POP,TR,2017,18.7,
ESTAT:LFSI_EMP_A(1.0),02/05/24 23:00:00,A,EMP_LFS,F,Y55-64,PC_POP,TR,2020,16.7,
ESTAT:LFSI_EMP_A(1.0),02/05/24 23:00:00,A,EMP_LFS,F,Y55-64,PC_POP,TR,2023,20.3,
ESTAT:LFSI_EMP_A(1.0),02/05/24 23:00:00,A,EMP_LFS,M,Y15-24,PC_POP,AT,2014,54.3,
ESTAT:LFSI_EMP_A(1.0),02/05/24 23:00:00,A,EMP_LFS,M,Y15-24,PC_POP,AT,2017,52.1,
ESTAT:LFSI_EMP_A(1.0),02/05/24 23:00:00,A,EMP_LFS,M,Y15-24,PC_POP,AT,2020,52.4,
ESTAT:LFSI_EMP_A(1.0),02/05/24 23:00:00,A,EMP_LFS,M,Y15-24,PC_POP,AT,2023,56.3,
ESTAT:LFSI_EMP_A(1.0),02/05/24 23:00:00,A,EMP_LFS,M,Y15-24,PC_POP,BA,2023,23.1,
ESTAT:LFSI_EMP_A(1.0),02/05/24 23:00:00,A,EMP_LFS,M,Y15-24,PC_POP,BE,2014,24.5,
ESTAT:LFSI_EMP_A(1.0),02/05/24 23:00:00,A,EMP_LFS,M,Y15-24,PC_POP,BE,2017,24.4,b
ESTAT:LFSI_EMP_A(1.0),02/05/24 23:00:00,A,EMP_LFS,M,Y15-24,PC_POP,BE,2020,25.4,
ESTAT:LFSI_EMP_A(1.0),02/05/24 23:00:00,A,EMP_LFS,M,Y15-24,PC_POP,BE,2023,27.1,
ESTAT:LFSI_EMP_A(1.0),02/05/24 23:00:00,A,EMP_LFS,M,Y15-24,PC_POP,BG,2014,23.7,
ESTAT:LFSI_EMP_A(1.0),02/05/24 23:00:00,A,EMP_LFS,M,Y15-24,PC_POP,BG,2017,26.2,
ESTAT:LFSI_EMP_A(1.0),02/05/24 23:00:00,A,EMP_LFS,M,Y15-24,PC_POP,BG,2020,21.4,
ESTAT:LFSI_EMP_A(1.0),02/05/24 23:00:00,A,EMP_LFS,M,Y15-24,PC_POP,BG,2023,21.2,
ESTAT:LFSI_EMP_A(1.0),02/05/24 23:00:00,A,EMP_LFS,M,Y15-24,PC_POP,CH,2014,62.4,
ESTAT:LFSI_EMP_A(1.0),02/05/24 23:00:00,A,EMP_LFS,M,Y15-24,PC_POP,CH,2017,63.9,
ESTAT:LFSI_EMP_A(1.0),02/05/24 23:00:00,A,EMP_LFS,M,Y15-24,PC_POP,CH,2020,59.4,
ESTAT:LFSI_EMP_A(1.0),02/05/24 23:00:00,A,EMP_LFS,M,Y15-24,PC_POP,CH,2023,62.6,
ESTAT:LFSI_EMP_A(1.0),02/05/24 23:00:00,A,EMP_LFS,M,Y15-24,PC_POP,CY,2014,25.8,
ESTAT:LFSI_EMP_A(1.0),02/05/24 23:00:00,A,EMP_LFS,M,Y15-24,PC_POP,CY,2017,24.2,
ESTAT:LFSI_EMP_A(1.0),02/05/24 23:00:00,A,EMP_LFS,M,Y15-24,PC_POP,CY,2020,30.4,
ESTAT:LFSI_EMP_A(1.0),02/05/24 23:00:00,A,EMP_LFS,M,Y15-24,PC_POP,CY,2023,36.5,
ESTAT:LFSI_EMP_A(1.0),02/05/24 23:00:00,A,EMP_LFS,M,Y15-24,PC_POP,CZ,2014,32.3,
ESTAT:LFSI_EMP_A(1.0),02/05/24 23:00:00,A,EMP_LFS,M,Y15-24,PC_POP,CZ,2017,33.8,
ESTAT:LFSI_EMP_A(1.0),02/05/24 23:00:00,A,EMP_LFS,M,Y15-24,PC_POP,CZ,2020,30.5,
ESTAT:LFSI_EMP_A(1.0),02/05/24 23:00:00,A,EMP_LFS,M,Y15-24,PC_POP,CZ,2023,29.2,
ESTAT:LFSI_EMP_A(1.0),02/05/24 23:00:00,A,EMP_LFS,M,Y15-24,PC_POP,DE,2014,47.1,
ESTAT:LFSI_EMP_A(1.0),02/05/24 23:00:00,A,EMP_LFS,M,Y15-24,PC_POP,DE,2017,46.7,
ESTAT:LFSI_EMP_A(1.0),02/05/24 23:00:00,A,EMP_LFS,M,Y15-24,PC_POP,DE,2020,49.3,b
ESTAT:LFSI_EMP_A(1.0),02/05/24 23:00:00,A,EMP_LFS,M,Y15-24,PC_POP,DE,2023,52.8,
ESTAT:LFSI_EMP_A(1.0),02/05/24 23:00:00,A,EMP_LFS,M,Y15-24,PC_POP,DK,2014,48.8,
ESTAT:LFSI_EMP_A(1.0),02/05/24 23:00:00,A,EMP_LFS,M,Y15-24,PC_POP,DK,2017,51.9,b
ESTAT:LFSI_EMP_A(1.0),02/05/24 23:00:00,A,EMP_LFS,M,Y15-24,PC_POP,DK,2020,52.5,
ESTAT:LFSI_EMP_A(1.0),02/05/24 23:00:00,A,EMP_LFS,M,Y15-24,PC_POP,DK,2023,55.9,b
ESTAT:LFSI_EMP_A(1.0),02/05/24 23:00:00,A,EMP_LFS,M,Y15-24,PC_POP,EA20,2014,32.6,
ESTAT:LFSI_EMP_A(1.0),02/05/24 23:00:00,A,EMP_LFS,M,Y15-24,PC_POP,EA20,2017,34.3,
ESTAT:LFSI_EMP_A(1.0),02/05/24 23:00:00,A,EMP_LFS,M,Y15-24,PC_POP,EA20,2020,34.3,
ESTAT:LFSI_EMP_A(1.0),02/05/24 23:00:00,A,EMP_LFS,M,Y15-24,PC_POP,EA20,2023,38.6,
ESTAT:LFSI_EMP_A(1.0),02/05/24 23:00:00,A,EMP_LFS,M,Y15-24,PC_POP,EE,2014,33.4,
ESTAT:LFSI_EMP_A(1.0),02/05/24 23:00:00,A,EMP_LFS,M,Y15-24,PC_POP,EE,2017,39.2,
ESTAT:LFSI_EMP_A(1.0),02/05/24 23:00:00,A,EMP_LFS,M,Y15-24,PC_POP,EE,2020,35.0,
ESTAT:LFSI_EMP_A(1.0),02/05/24 23:00:00,A,EMP_LFS,M,Y15-24,PC_POP,EE,2023,33.4,
ESTAT:LFSI_EMP_A(1.0),02/05/24 23:00:00,A,EMP_LFS,M,Y15-24,PC_POP,EL,2014,16.1,
ESTAT:LFSI_EMP_A(1.0),02/05/24 23:00:00,A,EMP_LFS,M,Y15-24,PC_POP,EL,2017,16.4,
ESTAT:LFSI_EMP_A(1.0),02/05/24 23:00:00,A,EMP_LFS,M,Y15-24,PC_POP,EL,2020,15.4,
ESTAT:LFSI_EMP_A(1.0),02/05/24 23:00:00,A,EMP_LFS,M,Y15-24,PC_POP,EL,2023,20.2,
ESTAT:LFSI_EMP_A(1.0),02/05/24 23:00:00,A,EMP_LFS,M,Y15-24,PC_POP,ES,2014,17.4,
ESTAT:LFSI_EMP_A(1.0),02/05/24 23:00:00,A,EMP_LFS,M,Y15-24,PC_POP,ES,2017,21.2,
ESTAT:LFSI_EMP_A(1.0),02/05/24 23:00:00,A,EMP_LFS,M,Y15-24,PC_POP,ES,2020,20.3,
ESTAT:LFSI_EMP_A(1.0),02/05/24 23:00:00,A,EMP_LFS,M,Y15-24,PC_POP,ES,2023,25.0,d
ESTAT:LFSI_EMP_A(1.0),02/05/24 23:00:00,A,EMP_LFS,M,Y15-24,PC_POP,EU27_2020,2014,32.0,
ESTAT:LFSI_EMP_A(1.0),02/05/24 23:00:00,A,EMP_LFS,M,Y15-24,PC_POP,EU27_2020,2017,34.1,
ESTAT:LFSI_EMP_A(1.0),02/05/24 23:00:00,A,EMP_LFS,M,Y15-24,PC_POP,EU27_2020,2020,33.8,
ESTAT:LFSI_EMP_A(1.0),02/05/24 23:00:00,A,EMP_LFS,M,Y15-24,PC_POP,EU27_2020,2023,37.3,
ESTAT:LFSI_EMP_A(1.0),02/05/24 23:00:00,A,EMP_LFS,M,Y15-24,PC_POP,FI,2014,39.9,
ESTAT:LFSI_EMP_A(1.0),02/05/24 23:00:00,A,EMP_LFS,M,Y15-24,PC_POP,FI,2017,41.7,
ESTAT:LFSI_EMP_A(1.0),02/05/24 23:00:00,A,EMP_LFS,M,Y15-24,PC_POP,FI,2020,41.1,
ESTAT:LFSI_EMP_A(1.0),02/05/24 23:00:00,A,EMP_LFS,M,Y15-24,PC_POP,FI,2023,43.9,
ESTAT:LFSI_EMP_A(1.0),02/05/24 23:00:00,A,EMP_LFS,M,Y15-24,PC_POP,FR,2014,31.0,
ESTAT:LFSI_EMP_A(1.0),02/05/24 23:00:00,A,EMP_LFS,M,Y15-24,PC_POP,FR,2017,32.2,
ESTAT:LFSI_EMP_A(1.0),02/05/24 23:00:00,A,EMP_LFS,M,Y15-24,PC_POP,FR,2020,31.6,
ESTAT:LFSI_EMP_A(1.0),02/05/24 23:00:00,A,EMP_LFS,M,Y15-24,PC_POP,FR,2023,36.7,d
ESTAT:LFSI_EMP_A(1.0),02/05/24 23:00:00,A,EMP_LFS,M,Y15-24,PC_POP,HR,2014,21.2,
ESTAT:LFSI_EMP_A(1.0),02/05/24 23:00:00,A,EMP_LFS,M,Y15-24,PC_POP,HR,2017,29.8,
ESTAT:LFSI_EMP_A(1.0),02/05/24 23:00:00,A,EMP_LFS,M,Y15-24,PC_POP,HR,2020,31.9,
ESTAT:LFSI_EMP_A(1.0),02/05/24 23:00:00,A,EMP_LFS,M,Y15-24,PC_POP,HR,2023,30.7,b
ESTAT:LFSI_EMP_A(1.0),02/05/24 23:00:00,A,EMP_LFS,M,Y15-24,PC_POP,HU,2014,26.4,
ESTAT:LFSI_EMP_A(1.0),02/05/24 23:00:00,A,EMP_LFS,M,Y15-24,PC_POP,HU,2017,32.9,
ESTAT:LFSI_EMP_A(1.0),02/05/24 23:00:00,A,EMP_LFS,M,Y15-24,PC_POP,HU,2020,31.1,
ESTAT:LFSI_EMP_A(1.0),02/05/24 23:00:00,A,EMP_LFS,M,Y15-24,PC_POP,HU,2023,30.7,
ESTAT:LFSI_EMP_A(1.0),02/05/24 23:00:00,A,EMP_LFS,M,Y15-24,PC_POP,IE,2014,36.9,
ESTAT:LFSI_EMP_A(1.0),02/05/24 23:00:00,A,EMP_LFS,M,Y15-24,PC_POP,IE,2017,40.1,
ESTAT:LFSI_EMP_A(1.0),02/05/24 23:00:00,A,EMP_LFS,M,Y15-24,PC_POP,IE,2020,36.4,
ESTAT:LFSI_EMP_A(1.0),02/05/24 23:00:00,A,EMP_LFS,M,Y15-24,PC_POP,IE,2023,47.9,
ESTAT:LFSI_EMP_A(1.0),02/05/24 23:00:00,A,EMP_LFS,M,Y15-24,PC_POP,IS,2014,67.6,
ESTAT:LFSI_EMP_A(1.0),02/05/24 23:00:00,A,EMP_LFS,M,Y15-24,PC_POP,IS,2017,75.1,
ESTAT:LFSI_EMP_A(1.0),02/05/24 23:00:00,A,EMP_LFS,M,Y15-24,PC_POP,IS,2020,62.6,b
ESTAT:LFSI_EMP_A(1.0),02/05/24 23:00:00,A,EMP_LFS,M,Y15-24,PC_POP,IS,2023,68.0,
ESTAT:LFSI_EMP_A(1.0),02/05/24 23:00:00,A,EMP_LFS,M,Y15-24,PC_POP,IT,2014,18.1,
ESTAT:LFSI_EMP_A(1.0),02/05/24 23:00:00,A,EMP_LFS,M,Y15-24,PC_POP,IT,2017,20.0,
ESTAT:LFSI_EMP_A(1.0),02/05/24 23:00:00,A,EMP_LFS,M,Y15-24,PC_POP,IT,2020,20.2,
ESTAT:LFSI_EMP_A(1.0),02/05/24 23:00:00,A,EMP_LFS,M,Y15-24,PC_POP,IT,2023,24.3,
ESTAT:LFSI_EMP_A(1.0),02/05/24 23:00:00,A,EMP_LFS,M,Y15-24,PC_POP,LT,2014,31.0,
ESTAT:LFSI_EMP_A(1.0),02/05/24 23:00:00,A,EMP_LFS,M,Y15-24,PC_POP,LT,2017,32.3,
ESTAT:LFSI_EMP_A(1.0),02/05/24 23:00:00,A,EMP_LFS,M,Y15-24,PC_POP,LT,2020,30.5,
ESTAT:LFSI_EMP_A(1.0),02/05/24 23:00:00,A,EMP_LFS,M,Y15-24,PC_POP,LT,2023,29.8,
ESTAT:LFSI_EMP_A(1.0),02/05/24 23:00:00,A,EMP_LFS,M,Y15-24,PC_POP,LU,2014,21.9,
ESTAT:LFSI_EMP_A(1.0),02/05/24 23:00:00,A,EMP_LFS,M,Y15-24,PC_POP,LU,2017,27.0,
ESTAT:LFSI_EMP_A(1.0),02/05/24 23:00:00,A,EMP_LFS,M,Y15-24,PC_POP,LU,2020,25.3,
ESTAT:LFSI_EMP_A(1.0),02/05/24 23:00:00,A,EMP_LFS,M,Y15-24,PC_POP,LU,2023,32.0,
ESTAT:LFSI_EMP_A(1.0),02/05/24 23:00:00,A,EMP_LFS,M,Y15-24,PC_POP,LV,2014,36.5,
ESTAT:LFSI_EMP_A(1.0),02/05/24 23:00:00,A,EMP_LFS,M,Y15-24,PC_POP,LV,2017,35.0,
ESTAT:LFSI_EMP_A(1.0),02/05/24 23:00:00,A,EMP_LFS,M,Y15-24,PC_POP,LV,2020,32.5,
ESTAT:LFSI_EMP_A(1.0),02/05/24 23:00:00,A,EMP_LFS,M,Y15-24,PC_POP,LV,2023,31.7,
ESTAT:LFSI_EMP_A(1.0),02/05/24 23:00:00,A,EMP_LFS,M,Y15-24,PC_POP,ME,2014,21.5,
ESTAT:LFSI_EMP_A(1.0),02/05/24 23:00:00,A,EMP_LFS,M,Y15-24,PC_POP,ME,2017,23.9,
ESTAT:LFSI_EMP_A(1.0),02/05/24 23:00:00,A,EMP_LFS,M,Y15-24,PC_POP,ME,2020,24.2,
ESTAT:LFSI_EMP_A(1.0),02/05/24 23:00:00,A,EMP_LFS,M,Y15-24,PC_POP,MK,2014,18.9,
ESTAT:LFSI_EMP_A(1.0),02/05/24 23:00:00,A,EMP_LFS,M,Y15-24,PC_POP,MK,2017,22.6,
ESTAT:LFSI_EMP_A(1.0),02/05/24 23:00:00,A,EMP_LFS,M,Y15-24,PC_POP,MK,2020,25.1,
ESTAT:LFSI_EMP_A(1.0),02/05/24 23:00:00,A,EMP_LFS,M,Y15-24,PC_POP,MT,2014,46.1,
ESTAT:LFSI_EMP_A(1.0),02/05/24 23:00:00,A,EMP_LFS,M,Y15-24,PC_POP,MT,2017,48.5,
ESTAT:LFSI_EMP_A(1.0),02/05/24 23:00:00,A,EMP_LFS,M,Y15-24,PC_POP,MT,2020,46.9,
ESTAT:LFSI_EMP_A(1.0),02/05/24 23:00:00,A,EMP_LFS,M,Y15-24,PC_POP,MT,2023,50.5,
ESTAT:LFSI_EMP_A(1.0),02/05/24 23:00:00,A,EMP_LFS,M,Y15-24,PC_POP,NL,2014,64.6,
ESTAT:LFSI_EMP_A(1.0),02/05/24 23:00:00,A,EMP_LFS,M,Y15-24,PC_POP,NL,2017,66.8,
ESTAT:LFSI_EMP_A(1.0),02/05/24 23:00:00,A,EMP_LFS,M,Y15-24,PC_POP,NL,2020,67.1,
ESTAT:LFSI_EMP_A(1.0),02/05/24 23:00:00,A,EMP_LFS,M,Y15-24,PC_POP,NL,2023,76.8,
ESTAT:LFSI_EMP_A(1.0),02/05/24 23:00:00,A,EMP_LFS,M,Y15-24,PC_POP,NO,2014,50.0,
ESTAT:LFSI_EMP_A(1.0),02/05/24 23:00:00,A,EMP_LFS,M,Y15-24,PC_POP,NO,2017,48.3,
ESTAT:LFSI_EMP_A(1.0),02/05/24 23:00:00,A,EMP_LFS,M,Y15-24,PC_POP,NO,2020,49.8,
ESTAT:LFSI_EMP_A(1.0),02/05/24 23:00:00,A,EMP_LFS,M,Y15-24,PC_POP,NO,2023,57.8,
ESTAT:LFSI_EMP_A(1.0),02/05/24 23:00:00,A,EMP_LFS,M,Y15-24,PC_POP,PL,2014,29.4,
ESTAT:LFSI_EMP_A(1.0),02/05/24 23:00:00,A,EMP_LFS,M,Y15-24,PC_POP,PL,2017,33.3,
ESTAT:LFSI_EMP_A(1.0),02/05/24 23:00:00,A,EMP_LFS,M,Y15-24,PC_POP,PL,2020,32.1,
ESTAT:LFSI_EMP_A(1.0),02/05/24 23:00:00,A,EMP_LFS,M,Y15-24,PC_POP,PL,2023,31.9,
ESTAT:LFSI_EMP_A(1.0),02/05/24 23:00:00,A,EMP_LFS,M,Y15-24,PC_POP,PT,2014,22.7,
ESTAT:LFSI_EMP_A(1.0),02/05/24 23:00:00,A,EMP_LFS,M,Y15-24,PC_POP,PT,2017,27.5,
ESTAT:LFSI_EMP_A(1.0),02/05/24 23:00:00,A,EMP_LFS,M,Y15-24,PC_POP,PT,2020,25.4,
ESTAT:LFSI_EMP_A(1.0),02/05/24 23:00:00,A,EMP_LFS,M,Y15-24,PC_POP,PT,2023,29.5,
ESTAT:LFSI_EMP_A(1.0),02/05/24 23:00:00,A,EMP_LFS,M,Y15-24,PC_POP,RO,2014,21.4,
ESTAT:LFSI_EMP_A(1.0),02/05/24 23:00:00,A,EMP_LFS,M,Y15-24,PC_POP,RO,2017,23.3,
ESTAT:LFSI_EMP_A(1.0),02/05/24 23:00:00,A,EMP_LFS,M,Y15-24,PC_POP,RO,2020,24.6,
ESTAT:LFSI_EMP_A(1.0),02/05/24 23:00:00,A,EMP_LFS,M,Y15-24,PC_POP,RO,2023,23.4,
ESTAT:LFSI_EMP_A(1.0),02/05/24 23:00:00,A,EMP_LFS,M,Y15-24,PC_POP,RS,2014,19.0,
ESTAT:LFSI_EMP_A(1.0),02/05/24 23:00:00,A,EMP_LFS,M,Y15-24,PC_POP,RS,2017,25.7,
ESTAT:LFSI_EMP_A(1.0),02/05/24 23:00:00,A,EMP_LFS,M,Y15-24,PC_POP,RS,2020,25.9,
ESTAT:LFSI_EMP_A(1.0),02/05/24 23:00:00,A,EMP_LFS,M,Y15-24,PC_POP,RS,2023,29.2,b
ESTAT:LFSI_EMP_A(1.0),02/05/24 23:00:00,A,EMP_LFS,M,Y15-24,PC_POP,SE,2014,42.3,
ESTAT:LFSI_EMP_A(1.0),02/05/24 23:00:00,A,EMP_LFS,M,Y15-24,PC_POP,SE,2017,44.7,
ESTAT:LFSI_EMP_A(1.0),02/05/24 23:00:00,A,EMP_LFS,M,Y15-24,PC_POP,SE,2020,39.7,
ESTAT:LFSI_EMP_A(1.0),02/05/24 23:00:00,A,EMP_LFS,M,Y15-24,PC_POP,SE,2023,44.8,
ESTAT:LFSI_EMP_A(1.0),02/05/24 23:00:00,A,EMP_LFS,M,Y15-24,PC_POP,SI,2014,28.3,
ESTAT:LFSI_EMP_A(1.0),02/05/24 23:00:00,A,EMP_LFS,M,Y15-24,PC_POP,SI,2017,37.0,
ESTAT:LFSI_EMP_A(1.0),02/05/24 23:00:00,A,EMP_LFS,M,Y15-24,PC_POP,SI,2020,28.4,
ESTAT:LFSI_EMP_A(1.0),02/05/24 23:00:00,A,EMP_LFS,M,Y15-24,PC_POP,SI,2023,36.3,
ESTAT:LFSI_EMP_A(1.0),02/05/24 23:00:00,A,EMP_LFS,M,Y15-24,PC_POP,SK,2014,26.7,
ESTAT:LFSI_EMP_A(1.0),02/05/24 23:00:00,A,EMP_LFS,M,Y15-24,PC_POP,SK,2017,32.2,
ESTAT:LFSI_EMP_A(1.0),02/05/24 23:00:00,A,EMP_LFS,M,Y15-24,PC_POP,SK,2020,28.3,
ESTAT:LFSI_EMP_A(1.0),02/05/24 23:00:00,A,EMP_LFS,M,Y15-24,PC_POP,SK,2023,25.4,
ESTAT:LFSI_EMP_A(1.0),02/05/24 23:00:00,A,EMP_LFS,M,Y15-24,PC_POP,TR,2014,45.0,b
ESTAT:LFSI_EMP_A(1.0),02/05/24 23:00:00,A,EMP_LFS,M,Y15-24,PC_POP,TR,2017,45.4,
ESTAT:LFSI_EMP_A(1.0),02/05/24 23:00:00,A,EMP_LFS,M,Y15-24,PC_POP,TR,2020,38.8,
ESTAT:LFSI_EMP_A(1.0),02/05/24 23:00:00,A,EMP_LFS,M,Y15-24,PC_POP,TR,2023,49.2,
ESTAT:LFSI_EMP_A(1.0),02/05/24 23:00:00,A,EMP_LFS,M,Y20-64,PC_POP,AT,2014,78.3,
ESTAT:LFSI_EMP_A(1.0),02/05/24 23:00:00,A,EMP_LFS,M,Y20-64,PC_POP,AT,2017,79.4,
ESTAT:LFSI_EMP_A(1.0),02/05/24 23:00:00,A,EMP_LFS,M,Y20-64,PC_POP,AT,2020,79.0,
ESTAT:LFSI_EMP_A(1.0),02/05/24 23:00:00,A,EMP_LFS,M,Y20-64,PC_POP,AT,2023,81.1,
ESTAT:LFSI_EMP_A(1.0),02/05/24 23:00:00,A,EMP_LFS,M,Y20-64,PC_POP,BA,2023,69.5,
ESTAT:LFSI_EMP_A(1.0),02/05/24 23:00:00,A,EMP_LFS,M,Y20-64,PC_POP,BE,2014,71.6,
ESTAT:LFSI_EMP_A(1.0),02/05/24 23:00:00,A,EMP_LFS,M,Y20-64,PC_POP,BE,2017,73.4,b
ESTAT:LFSI_EMP_A(1.0),02/05/24 23:00:00,A,EMP_LFS,M,Y20-64,PC_POP,BE,2020,73.7,
ESTAT:LFSI_EMP_A(1.0),02/05/24 23:00:00,A,EMP_LFS,M,Y20-64,PC_POP,BE,2023,75.9,
ESTAT:LFSI_EMP_A(1.0),02/05/24 23:00:00,A,EMP_LFS,M,Y20-64,PC_POP,BG,2014,67.3,
ESTAT:LFSI_EMP_A(1.0),02/05/24 23:00:00,A,EMP_LFS,M,Y20-64,PC_POP,BG,2017,74.4,
ESTAT:LFSI_EMP_A(1.0),02/05/24 23:00:00,A,EMP_LFS,M,Y20-64,PC_POP,BG,2020,76.8,
ESTAT:LFSI_EMP_A(1.0),02/05/24 23:00:00,A,EMP_LFS,M,Y20-64,PC_POP,BG,2023,79.9,
ESTAT:LFSI_EMP_A(1.0),02/05/24 23:00:00,A,EMP_LFS,M,Y20-64,PC_POP,CH,2014,86.0,
ESTAT:LFSI_EMP_A(1.0),02/05/24 23:00:00,A,EMP_LFS,M,Y20-64,PC_POP,CH,2017,86.8,
ESTAT:LFSI_EMP_A(1.0),02/05/24 23:00:00,A,EMP_LFS,M,Y20-64,PC_POP,CH,2020,86.6,
ESTAT:LFSI_EMP_A(1.0),02/05/24 23:00:00,A,EMP_LFS,M,Y20-64,PC_POP,CH,2023,86.9,
ESTAT:LFSI_EMP_A(1.0),02/05/24 23:00:00,A,EMP_LFS,M,Y20-64,PC_POP,CY,2014,71.6,
ESTAT:LFSI_EMP_A(1.0),02/05/24 23:00:00,A,EMP_LFS,M,Y20-64,PC_POP,CY,2017,75.7,
ESTAT:LFSI_EMP_A(1.0),02/05/24 23:00:00,A,EMP_LFS,M,Y20-64,PC_POP,CY,2020,81.1,
ESTAT:LFSI_EMP_A(1.0),02/05/24 23:00:00,A,EMP_LFS,M,Y20-64,PC_POP,CY,2023,83.6,
ESTAT:LFSI_EMP_A(1.0),02/05/24 23:00:00,A,EMP_LFS,M,Y20-64,PC_POP,CZ,2014,82.2,
ESTAT:LFSI_EMP_A(1.0),02/05/24 23:00:00,A,EMP_LFS,M,Y20-64,PC_POP,CZ,2017,86.3,
ESTAT:LFSI_EMP_A(1.0),02/05/24 23:00:00,A,EMP_LFS,M,Y20-64,PC_POP,CZ,2020,87.2,
ESTAT:LFSI_EMP_A(1.0),02/05/24 23:00:00,A,EMP_LFS,M,Y20-64,PC_POP,CZ,2023,88.4,
ESTAT:LFSI_EMP_A(1.0),02/05/24 23:00:00,A,EMP_LFS,M,Y20-64,PC_POP,DE,2014,81.2,
ESTAT:LFSI_EMP_A(1.0),02/05/24 23:00:00,A,EMP_LFS,M,Y20-64,PC_POP,DE,2017,82.0,
ESTAT:LFSI_EMP_A(1.0),02/05/24 23:00:00,A,EMP_LFS,M,Y20-64,PC_POP,DE,2020,81.9,b
ESTAT:LFSI_EMP_A(1.0),02/05/24 23:00:00,A,EMP_LFS,M,Y20-64,PC_POP,DE,2023,84.9,
ESTAT:LFSI_EMP_A(1.0),02/05/24 23:00:00,A,EMP_LFS,M,Y20-64,PC_POP,DK,2014,78.4,
ESTAT:LFSI_EMP_A(1.0),02/05/24 23:00:00,A,EMP_LFS,M,Y20-64,PC_POP,DK,2017,79.9,b
ESTAT:LFSI_EMP_A(1.0),02/05/24 23:00:00,A,EMP_LFS,M,Y20-64,PC_POP,DK,2020,81.3,
ESTAT:LFSI_EMP_A(1.0),02/05/24 23:00:00,A,EMP_LFS,M,Y20-64,PC_POP,DK,2023,82.6,b
ESTAT:LFSI_EMP_A(1.0),02/05/24 23:00:00,A,EMP_LFS,M,Y20-64,PC_POP,EA20,2014,73.2,
ESTAT:LFSI_EMP_A(1.0),02/05/24 23:00:00,A,EMP_LFS,M,Y20-64,PC_POP,EA20,2017,76.1,
ESTAT:LFSI_EMP_A(1.0),02/05/24 23:00:00,A,EMP_LFS,M,Y20-64,PC_POP,EA20,2020,76.3,
ESTAT:LFSI_EMP_A(1.0),02/05/24 23:00:00,A,EMP_LFS,M,Y20-64,PC_POP,EA20,2023,79.7,
ESTAT:LFSI_EMP_A(1.0),02/05/24 23:00:00,A,EMP_LFS,M,Y20-64,PC_POP,EE,2014,78.4,
ESTAT:LFSI_EMP_A(1.0),02/05/24 23:00:00,A,EMP_LFS,M,Y20-64,PC_POP,EE,2017,81.7,
ESTAT:LFSI_EMP_A(1.0),02/05/24 23:00:00,A,EMP_LFS,M,Y20-64,PC_POP,EE,2020,81.3,
ESTAT:LFSI_EMP_A(1.0),02/05/24 23:00:00,A,EMP_LFS,M,Y20-64,PC_POP,EE,2023,83.3,
ESTAT:LFSI_EMP_A(1.0),02/05/24 23:00:00,A,EMP_LFS,M,Y20-64,PC_POP,EL,2014,62.6,
ESTAT:LFSI_EMP_A(1.0),02/05/24 23:00:00,A,EMP_LFS,M,Y20-64,PC_POP,EL,2017,67.6,
ESTAT:LFSI_EMP_A(1.0),02/05/24 23:00:00,A,EMP_LFS,M,Y20-64,PC_POP,EL,2020,68.1,
ESTAT:LFSI_EMP_A(1.0),02/05/24 23:00:00,A,EMP_LFS,M,Y20-64,PC_POP,EL,2023,77.4,
ESTAT:LFSI_EMP_A(1.0),02/05/24 23:00:00,A,EMP_LFS,M,Y20-64,PC_POP,ES,2014,65.0,
ESTAT:LFSI_EMP_A(1.0),02/05/24 23:00:00,A,EMP_LFS,M,Y20-64,PC_POP,ES,2017,71.5,
ESTAT:LFSI_EMP_A(1.0),02/05/24 23:00:00,A,EMP_LFS,M,Y20-64,PC_POP,ES,2020,71.4,
ESTAT:LFSI_EMP_A(1.0),02/05/24 23:00:00,A,EMP_LFS,M,Y20-64,PC_POP,ES,2023,75.7,d
ESTAT:LFSI_EMP_A(1.0),02/05/24 23:00:00,A,EMP_LFS,M,Y20-64,PC_POP,EU27_2020,2014,73.1,
ESTAT:LFSI_EMP_A(1.0),02/05/24 23:00:00,A,EMP_LFS,M,Y20-64,PC_POP,EU27_2020,2017,76.5,
ESTAT:LFSI_EMP_A(1.0),02/05/24 23:00:00,A,EMP_LFS,M,Y20-64,PC_POP,EU27_2020,2020,77.2,
ESTAT:LFSI_EMP_A(1.0),02/05/24 23:00:00,A,EMP_LFS,M,Y20-64,PC_POP,EU27_2020,2023,80.4,
ESTAT:LFSI_EMP_A(1.0),02/05/24 23:00:00,A,EMP_LFS,M,Y20-64,PC_POP,FI,2014,73.2,
ESTAT:LFSI_EMP_A(1.0),02/05/24 23:00:00,A,EMP_LFS,M,Y20-64,PC_POP,FI,2017,75.1,
ESTAT:LFSI_EMP_A(1.0),02/05/24 23:00:00,A,EMP_LFS,M,Y20-64,PC_POP,FI,2020,77.1,
ESTAT:LFSI_EMP_A(1.0),02/05/24 23:00:00,A,EMP_LFS,M,Y20-64,PC_POP,FI,2023,78.3,
ESTAT:LFSI_EMP_A(1.0),02/05/24 23:00:00,A,EMP_LFS,M,Y20-64,PC_POP,FR,2014,73.1,
ESTAT:LFSI_EMP_A(1.0),02/05/24 23:00:00,A,EMP_LFS,M,Y20-64,PC_POP,FR,2017,74.7,
ESTAT:LFSI_EMP_A(1.0),02/05/24 23:00:00,A,EMP_LFS,M,Y20-64,PC_POP,FR,2020,75.0,
ESTAT:LFSI_EMP_A(1.0),02/05/24 23:00:00,A,EMP_LFS,M,Y20-64,PC_POP,FR,2023,77.2,d
ESTAT:LFSI_EMP_A(1.0),02/05/24 23:00:00,A,EMP_LFS,M,Y20-64,PC_POP,HR,2014,64.2,
ESTAT:LFSI_EMP_A(1.0),02/05/24 23:00:00,A,EMP_LFS,M,Y20-64,PC_POP,HR,2017,68.9,
ESTAT:LFSI_EMP_A(1.0),02/05/24 23:00:00,A,EMP_LFS,M,Y20-64,PC_POP,HR,2020,72.5,
ESTAT:LFSI_EMP_A(1.0),02/05/24 23:00:00,A,EMP_LFS,M,Y20-64,PC_POP,HR,2023,74.6,b
ESTAT:LFSI_EMP_A(1.0),02/05/24 23:00:00,A,EMP_LFS,M,Y20-64,PC_POP,HU,2014,73.5,
ESTAT:LFSI_EMP_A(1.0),02/05/24 23:00:00,A,EMP_LFS,M,Y20-64,PC_POP,HU,2017,81.0,
ESTAT:LFSI_EMP_A(1.0),02/05/24 23:00:00,A,EMP_LFS,M,Y20-64,PC_POP,HU,2020,83.1,
ESTAT:LFSI_EMP_A(1.0),02/05/24 23:00:00,A,EMP_LFS,M,Y20-64,PC_POP,HU,2023,85.3,
ESTAT:LFSI_EMP_A(1.0),02/05/24 23:00:00,A,EMP_LFS,M,Y20-64,PC_POP,IE,2014,74.1,
ESTAT:LFSI_EMP_A(1.0),02/05/24 23:00:00,A,EMP_LFS,M,Y20-64,PC_POP,IE,2017,79.1,
ESTAT:LFSI_EMP_A(1.0),02/05/24 23:00:00,A,EMP_LFS,M,Y20-64,PC_POP,IE,2020,78.5,
ESTAT:LFSI_EMP_A(1.0),02/05/24 23:00:00,A,EMP_LFS,M,Y20-64,PC_POP,IE,2023,84.2,
ESTAT:LFSI_EMP_A(1.0),02/05/24 23:00:00,A,EMP_LFS,M,Y20-64,PC_POP,IS,2014,88.0,
ESTAT:LFSI_EMP_A(1.0),02/05/24 23:00:00,A,EMP_LFS,M,Y20-64,PC_POP,IS,2017,90.5,
ESTAT:LFSI_EMP_A(1.0),02/05/24 23:00:00,A,EMP_LFS,M,Y20-64,PC_POP,IS,2020,85.1,b
ESTAT:LFSI_EMP_A(1.0),02/05/24 23:00:00,A,EMP_LFS,M,Y20-64,PC_POP,IS,2023,88.2,
ESTAT:LFSI_EMP_A(1.0),02/05/24 23:00:00,A,EMP_LFS,M,Y20-64,PC_POP,IT,2014,69.0,
ESTAT:LFSI_EMP_A(1.0),02/05/24 23:00:00,A,EMP_LFS,M,Y20-64,PC_POP,IT,2017,72.2,
ESTAT:LFSI_EMP_A(1.0),02/05/24 23:00:00,A,EMP_LFS,M,Y20-64,PC_POP,IT,2020,71.8,
ESTAT:LFSI_EMP_A(1.0),02/05/24 23:00:00,A,EMP_LFS,M,Y20-64,PC_POP,IT,2023,76.0,
ESTAT:LFSI_EMP_A(1.0),02/05/24 23:00:00,A,EMP_LFS,M,Y20-64,PC_POP,LT,2014,73.1,
ESTAT:LFSI_EMP_A(1.0),02/05/24 23:00:00,A,EMP_LFS,M,Y20-64,PC_POP,LT,2017,76.5,
ESTAT:LFSI_EMP_A(1.0),02/05/24 23:00:00,A,EMP_LFS,M,Y20-64,PC_POP,LT,2020,77.5,
ESTAT:LFSI_EMP_A(1.0),02/05/24 23:00:00,A,EMP_LFS,M,Y20-64,PC_POP,LT,2023,79.2,
ESTAT:LFSI_EMP_A(1.0),02/05/24 23:00:00,A,EMP_LFS,M,Y20-64,PC_POP,LU,2014,78.4,
ESTAT:LFSI_EMP_A(1.0),02/05/24 23:00:00,A,EMP_LFS,M,Y20-64,PC_POP,LU,2017,75.4,
ESTAT:LFSI_EMP_A(1.0),02/05/24 23:00:00,A,EMP_LFS,M,Y20-64,PC_POP,LU,2020,75.6,
ESTAT:LFSI_EMP_A(1.0),02/05/24 23:00:00,A,EMP_LFS,M,Y20-64,PC_POP,LU,2023,78.2,
ESTAT:LFSI_EMP_A(1.0),02/05/24 23:00:00,A,EMP_LFS,M,Y20-64,PC_POP,LV,2014,72.9,
ESTAT:LFSI_EMP_A(1.0),02/05/24 23:00:00,A,EMP_LFS,M,Y20-64,PC_POP,LV,2017,76.9,
ESTAT:LFSI_EMP_A(1.0),02/05/24 23:00:00,A,EMP_LFS,M,Y20-64,PC_POP,LV,2020,78.8,
ESTAT:LFSI_EMP_A(1.0),02/05/24 23:00:00,A,EMP_LFS,M,Y20-64,PC_POP,LV,2023,79.1,
ESTAT:LFSI_EMP_A(1.0),02/05/24 23:00:00,A,EMP_LFS,M,Y20-64,PC_POP,ME,2014,61.4,
ESTAT:LFSI_EMP_A(1.0),02/05/24 23:00:00,A,EMP_LFS,M,Y20-64,PC_POP,ME,2017,65.2,
ESTAT:LFSI_EMP_A(1.0),02/05/24 23:00:00,A,EMP_LFS,M,Y20-64,PC_POP,ME,2020,61.7,
ESTAT:LFSI_EMP_A(1.0),02/05/24 23:00:00,A,EMP_LFS,M,Y20-64,PC_POP,MK,2014,61.6,
ESTAT:LFSI_EMP_A(1.0),02/05/24 23:00:00,A,EMP_LFS,M,Y20-64,PC_POP,MK,2017,65.6,
ESTAT:LFSI_EMP_A(1.0),02/05/24 23:00:00,A,EMP_LFS,M,Y20-64,PC_POP,MK,2020,68.9,
ESTAT:LFSI_EMP_A(1.0),02/05/24 23:00:00,A,EMP_LFS,M,Y20-64,PC_POP,MT,2014,81.1,
ESTAT:LFSI_EMP_A(1.0),02/05/24 23:00:00,A,EMP_LFS,M,Y20-64,PC_POP,MT,2017,84.7,
ESTAT:LFSI_EMP_A(1.0),02/05/24 23:00:00,A,EMP_LFS,M,Y20-64,PC_POP,MT,2020,84.9,
ESTAT:LFSI_EMP_A(1.0),02/05/24 23:00:00,A,EMP_LFS,M,Y20-64,PC_POP,MT,2023,88.2,
ESTAT:LFSI_EMP_A(1.0),02/05/24 23:00:00,A,EMP_LFS,M,Y20-64,PC_POP,NL,2014,81.7,
ESTAT:LFSI_EMP_A(1.0),02/05/24 23:00:00,A,EMP_LFS,M,Y20-64,PC_POP,NL,2017,83.8,
ESTAT:LFSI_EMP_A(1.0),02/05/24 23:00:00,A,EMP_LFS,M,Y20-64,PC_POP,NL,2020,85.0,
ESTAT:LFSI_EMP_A(1.0),02/05/24 23:00:00,A,EMP_LFS,M,Y20-64,PC_POP,NL,2023,87.4,
ESTAT:LFSI_EMP_A(1.0),02/05/24 23:00:00,A,EMP_LFS,M,Y20-64,PC_POP,NO,2014,82.1,
ESTAT:LFSI_EMP_A(1.0),02/05/24 23:00:00,A,EMP_LFS,M,Y20-64,PC_POP,NO,2017,80.6,
ESTAT:LFSI_EMP_A(1.0),02/05/24 23:00:00,A,EMP_LFS,M,Y20-64,PC_POP,NO,2020,81.3,
ESTAT:LFSI_EMP_A(1.0),02/05/24 23:00:00,A,EMP_LFS,M,Y20-64,PC_POP,NO,2023,82.8,
ESTAT:LFSI_EMP_A(1.0),02/05/24 23:00:00,A,EMP_LFS,M,Y20-64,PC_POP,PL,2014,71.8,
ESTAT:LFSI_EMP_A(1.0),02/05/24 23:00:00,A,EMP_LFS,M,Y20-64,PC_POP,PL,2017,77.0,
ESTAT:LFSI_EMP_A(1.0),02/05/24 23:00:00,A,EMP_LFS,M,Y20-64,PC_POP,PL,2020,80.2,
ESTAT:LFSI_EMP_A(1.0),02/05/24 23:00:00,A,EMP_LFS,M,Y20-64,PC_POP,PL,2023,83.8,
ESTAT:LFSI_EMP_A(1.0),02/05/24 23:00:00,A,EMP_LFS,M,Y20-64,PC_POP,PT,2014,69.5,
ESTAT:LFSI_EMP_A(1.0),02/05/24 23:00:00,A,EMP_LFS,M,Y20-64,PC_POP,PT,2017,76.2,
ESTAT:LFSI_EMP_A(1.0),02/05/24 23:00:00,A,EMP_LFS,M,Y20-64,PC_POP,PT,2020,77.1,
ESTAT:LFSI_EMP_A(1.0),02/05/24 23:00:00,A,EMP_LFS,M,Y20-64,PC_POP,PT,2023,81.1,
ESTAT:LFSI_EMP_A(1.0),02/05/24 23:00:00,A,EMP_LFS,M,Y20-64,PC_POP,RO,2014,66.7,
ESTAT:LFSI_EMP_A(1.0),02/05/24 23:00:00,A,EMP_LFS,M,Y20-64,PC_POP,RO,2017,71.3,
ESTAT:LFSI_EMP_A(1.0),02/05/24 23:00:00,A,EMP_LFS,M,Y20-64,PC_POP,RO,2020,74.7,
ESTAT:LFSI_EMP_A(1.0),02/05/24 23:00:00,A,EMP_LFS,M,Y20-64,PC_POP,RO,2023,78.2,
ESTAT:LFSI_EMP_A(1.0),02/05/24 23:00:00,A,EMP_LFS,M,Y20-64,PC_POP,RS,2014,61.4,
ESTAT:LFSI_EMP_A(1.0),02/05/24 23:00:00,A,EMP_LFS,M,Y20-64,PC_POP,RS,2017,67.3,
ESTAT:LFSI_EMP_A(1.0),02/05/24 23:00:00,A,EMP_LFS,M,Y20-64,PC_POP,RS,2020,71.6,
ESTAT:LFSI_EMP_A(1.0),02/05/24 23:00:00,A,EMP_LFS,M,Y20-64,PC_POP,RS,2023,75.9,b
ESTAT:LFSI_EMP_A(1.0),02/05/24 23:00:00,A,EMP_LFS,M,Y20-64,PC_POP,SE,2014,81.8,
ESTAT:LFSI_EMP_A(1.0),02/05/24 23:00:00,A,EMP_LFS,M,Y20-64,PC_POP,SE,2017,83.4,
ESTAT:LFSI_EMP_A(1.0),02/05/24 23:00:00,A,EMP_LFS,M,Y20-64,PC_POP,SE,2020,82.8,
ESTAT:LFSI_EMP_A(1.0),02/05/24 23:00:00,A,EMP_LFS,M,Y20-64,PC_POP,SE,2023,84.9,
ESTAT:LFSI_EMP_A(1.0),02/05/24 23:00:00,A,EMP_LFS,M,Y20-64,PC_POP,SI,2014,71.0,
ESTAT:LFSI_EMP_A(1.0),02/05/24 23:00:00,A,EMP_LFS,M,Y20-64,PC_POP,SI,2017,76.2,
ESTAT:LFSI_EMP_A(1.0),02/05/24 23:00:00,A,EMP_LFS,M,Y20-64,PC_POP,SI,2020,77.6,
ESTAT:LFSI_EMP_A(1.0),02/05/24 23:00:00,A,EMP_LFS,M,Y20-64,PC_POP,SI,2023,80.4,
ESTAT:LFSI_EMP_A(1.0),02/05/24 23:00:00,A,EMP_LFS,M,Y20-64,PC_POP,SK,2014,72.7,
ESTAT:LFSI_EMP_A(1.0),02/05/24 23:00:00,A,EMP_LFS,M,Y20-64,PC_POP,SK,2017,77.0,
ESTAT:LFSI_EMP_A(1.0),02/05/24 23:00:00,A,EMP_LFS,M,Y20-64,PC_POP,SK,2020,78.2,
ESTAT:LFSI_EMP_A(1.0),02/05/24 23:00:00,A,EMP_LFS,M,Y20-64,PC_POP,SK,2023,81.3,
ESTAT:LFSI_EMP_A(1.0),02/05/24 23:00:00,A,EMP_LFS,M,Y20-64,PC_POP,TR,2014,75.0,b
ESTAT:LFSI_EMP_A(1.0),02/05/24 23:00:00,A,EMP_LFS,M,Y20-64,PC_POP,TR,2017,76.1,
ESTAT:LFSI_EMP_A(1.0),02/05/24 23:00:00,A,EMP_LFS,M,Y20-64,PC_POP,TR,2020,70.1,
ESTAT:LFSI_EMP_A(1.0),02/05/24 23:00:00,A,EMP_LFS,M,Y20-64,PC_POP,TR,2023,76.5,
ESTAT:LFSI_EMP_A(1.0),02/05/24 23:00:00,A,EMP_LFS,M,Y25-54,PC_POP,AT,2014,86.6,
ESTAT:LFSI_EMP_A(1.0),02/05/24 23:00:00,A,EMP_LFS,M,Y25-54,PC_POP,AT,2017,87.2,
ESTAT:LFSI_EMP_A(1.0),02/05/24 23:00:00,A,EMP_LFS,M,Y25-54,PC_POP,AT,2020,86.5,
ESTAT:LFSI_EMP_A(1.0),02/05/24 23:00:00,A,EMP_LFS,M,Y25-54,PC_POP,AT,2023,87.8,
ESTAT:LFSI_EMP_A(1.0),02/05/24 23:00:00,A,EMP_LFS,M,Y25-54,PC_POP,BA,2023,79.7,
ESTAT:LFSI_EMP_A(1.0),02/05/24 23:00:00,A,EMP_LFS,M,Y25-54,PC_POP,BE,2014,83.2,
ESTAT:LFSI_EMP_A(1.0),02/05/24 23:00:00,A,EMP_LFS,M,Y25-54,PC_POP,BE,2017,84.4,b
ESTAT:LFSI_EMP_A(1.0),02/05/24 23:00:00,A,EMP_LFS,M,Y25-54,PC_POP,BE,2020,83.7,
ESTAT:LFSI_EMP_A(1.0),02/05/24 23:00:00,A,EMP_LFS,M,Y25-54,PC_POP,BE,2023,85.4,
ESTAT:LFSI_EMP_A(1.0),02/05/24 23:00:00,A,EMP_LFS,M,Y25-54,PC_POP,BG,2014,75.5,
ESTAT:LFSI_EMP_A(1.0),02/05/24 23:00:00,A,EMP_LFS,M,Y25-54,PC_POP,BG,2017,81.7,
ESTAT:LFSI_EMP_A(1.0),02/05/24 23:00:00,A,EMP_LFS,M,Y25-54,PC_POP,BG,2020,83.3,
ESTAT:LFSI_EMP_A(1.0),02/05/24 23:00:00,A,EMP_LFS,M,Y25-54,PC_POP,BG,2023,85.9,
ESTAT:LFSI_EMP_A(1.0),02/05/24 23:00:00,A,EMP_LFS,M,Y25-54,PC_POP,CH,2014,90.8,
ESTAT:LFSI_EMP_A(1.0),02/05/24 23:00:00,A,EMP_LFS,M,Y25-54,PC_POP,CH,2017,91.1,
ESTAT:LFSI_EMP_A(1.0),02/05/24 23:00:00,A,EMP_LFS,M,Y25-54,PC_POP,CH,2020,91.4,
ESTAT:LFSI_EMP_A(1.0),02/05/24 23:00:00,A,EMP_LFS,M,Y25-54,PC_POP,CH,2023,91.0,
ESTAT:LFSI_EMP_A(1.0),02/05/24 23:00:00,A,EMP_LFS,M,Y25-54,PC_POP,CY,2014,79.6,
ESTAT:LFSI_EMP_A(1.0),02/05/24 23:00:00,A,EMP_LFS,M,Y25-54,PC_POP,CY,2017,83.6,
ESTAT:LFSI_EMP_A(1.0),02/05/24 23:00:00,A,EMP_LFS,M,Y25-54,PC_POP,CY,2020,87.1,
ESTAT:LFSI_EMP_A(1.0),02/05/24 23:00:00,A,EMP_LFS,M,Y25-54,PC_POP,CY,2023,89.1,
ESTAT:LFSI_EMP_A(1.0),02/05/24 23:00:00,A,EMP_LFS,M,Y25-54,PC_POP,CZ,2014,91.5,
ESTAT:LFSI_EMP_A(1.0),02/05/24 23:00:00,A,EMP_LFS,M,Y25-54,PC_POP,CZ,2017,93.7,
ESTAT:LFSI_EMP_A(1.0),02/05/24 23:00:00,A,EMP_LFS,M,Y25-54,PC_POP,CZ,2020,93.8,
ESTAT:LFSI_EMP_A(1.0),02/05/24 23:00:00,A,EMP_LFS,M,Y25-54,PC_POP,CZ,2023,94.6,
ESTAT:LFSI_EMP_A(1.0),02/05/24 23:00:00,A,EMP_LFS,M,Y25-54,PC_POP,DE,2014,86.9,
ESTAT:LFSI_EMP_A(1.0),02/05/24 23:00:00,A,EMP_LFS,M,Y25-54,PC_POP,DE,2017,87.2,
ESTAT:LFSI_EMP_A(1.0),02/05/24 23:00:00,A,EMP_LFS,M,Y25-54,PC_POP,DE,2020,86.8,b
ESTAT:LFSI_EMP_A(1.0),02/05/24 23:00:00,A,EMP_LFS,M,Y25-54,PC_POP,DE,2023,89.3,
ESTAT:LFSI_EMP_A(1.0),02/05/24 23:00:00,A,EMP_LFS,M,Y25-54,PC_POP,DK,2014,84.8,
ESTAT:LFSI_EMP_A(1.0),02/05/24 23:00:00,A,EMP_LFS,M,Y25-54,PC_POP,DK,2017,85.0,b
ESTAT:LFSI_EMP_A(1.0),02/05/24 23:00:00,A,EMP_LFS,M,Y25-54,PC_POP,DK,2020,85.8,
ESTAT:LFSI_EMP_A(1.0),02/05/24 23:00:00,A,EMP_LFS,M,Y25-54,PC_POP,DK,2023,86.4,b
ESTAT:LFSI_EMP_A(1.0),02/05/24 23:00:00,A,EMP_LFS,M,Y25-54,PC_POP,EA20,2014,81.2,
ESTAT:LFSI_EMP_A(1.0),02/05/24 23:00:00,A,EMP_LFS,M,Y25-54,PC_POP,EA20,2017,83.6,
ESTAT:LFSI_EMP_A(1.0),02/05/24 23:00:00,A,EMP_LFS,M,Y25-54,PC_POP,EA20,2020,83.5,
ESTAT:LFSI_EMP_A(1.0),02/05/24 23:00:00,A,EMP_LFS,M,Y25-54,PC_POP,EA20,2023,86.4,
ESTAT:LFSI_EMP_A(1.0),02/05/24 23:00:00,A,EMP_LFS,M,Y25-54,PC_POP,EE,2014,85.7,
ESTAT:LFSI_EMP_A(1.0),02/05/24 23:00:00,A,EMP_LFS,M,Y25-54,PC_POP,EE,2017,88.1,
ESTAT:LFSI_EMP_A(1.0),02/05/24 23:00:00,A,EMP_LFS,M,Y25-54,PC_POP,EE,2020,87.1,
ESTAT:LFSI_EMP_A(1.0),02/05/24 23:00:00,A,EMP_LFS,M,Y25-54,PC_POP,EE,2023,88.1,
ESTAT:LFSI_EMP_A(1.0),02/05/24 23:00:00,A,EMP_LFS,M,Y25-54,PC_POP,EL,2014,71.8,
ESTAT:LFSI_EMP_A(1.0),02/05/24 23:00:00,A,EMP_LFS,M,Y25-54,PC_POP,EL,2017,77.5,
ESTAT:LFSI_EMP_A(1.0),02/05/24 23:00:00,A,EMP_LFS,M,Y25-54,PC_POP,EL,2020,76.8,
ESTAT:LFSI_EMP_A(1.0),02/05/24 23:00:00,A,EMP_LFS,M,Y25-54,PC_POP,EL,2023,85.0,
ESTAT:LFSI_EMP_A(1.0),02/05/24 23:00:00,A,EMP_LFS,M,Y25-54,PC_POP,ES,2014,72.5,
ESTAT:LFSI_EMP_A(1.0),02/05/24 23:00:00,A,EMP_LFS,M,Y25-54,PC_POP,ES,2017,79.2,
ESTAT:LFSI_EMP_A(1.0),02/05/24 23:00:00,A,EMP_LFS,M,Y25-54,PC_POP,ES,2020,78.8,
ESTAT:LFSI_EMP_A(1.0),02/05/24 23:00:00,A,EMP_LFS,M,Y25-54,PC_POP,ES,2023,83.0,d
ESTAT:LFSI_EMP_A(1.0),02/05/24 23:00:00,A,EMP_LFS,M,Y25-54,PC_POP,EU27_2020,2014,81.5,
ESTAT:LFSI_EMP_A(1.0),02/05/24 23:00:00,A,EMP_LFS,M,Y25-54,PC_POP,EU27_2020,2017,84.3,
ESTAT:LFSI_EMP_A(1.0),02/05/24 23:00:00,A,EMP_LFS,M,Y25-54,PC_POP,EU27_2020,2020,84.5,
ESTAT:LFSI_EMP_A(1.0),02/05/24 23:00:00,A,EMP_LFS,M,Y25-54,PC_POP,EU27_2020,2023,87.2,
ESTAT:LFSI_EMP_A(1.0),02/05/24 23:00:00,A,EMP_LFS,M,Y25-54,PC_POP,FI,2014,81.8,
ESTAT:LFSI_EMP_A(1.0),02/05/24 23:00:00,A,EMP_LFS,M,Y25-54,PC_POP,FI,2017,82.3,
ESTAT:LFSI_EMP_A(1.0),02/05/24 23:00:00,A,EMP_LFS,M,Y25-54,PC_POP,FI,2020,83.9,
ESTAT:LFSI_EMP_A(1.0),02/05/24 23:00:00,A,EMP_LFS,M,Y25-54,PC_POP,FI,2023,83.5,
ESTAT:LFSI_EMP_A(1.0),02/05/24 23:00:00,A,EMP_LFS,M,Y25-54,PC_POP,FR,2014,84.0,
ESTAT:LFSI_EMP_A(1.0),02/05/24 23:00:00,A,EMP_LFS,M,Y25-54,PC_POP,FR,2017,84.7,
ESTAT:LFSI_EMP_A(1.0),02/05/24 23:00:00,A,EMP_LFS,M,Y25-54,PC_POP,FR,2020,84.6,
ESTAT:LFSI_EMP_A(1.0),02/05/24 23:00:00,A,EMP_LFS,M,Y25-54,PC_POP,FR,2023,86.4,d
ESTAT:LFSI_EMP_A(1.0),02/05/24 23:00:00,A,EMP_LFS,M,Y25-54,PC_POP,HR,2014,74.5,
ESTAT:LFSI_EMP_A(1.0),02/05/24 23:00:00,A,EMP_LFS,M,Y25-54,PC_POP,HR,2017,78.7,
ESTAT:LFSI_EMP_A(1.0),02/05/24 23:00:00,A,EMP_LFS,M,Y25-54,PC_POP,HR,2020,82.0,
ESTAT:LFSI_EMP_A(1.0),02/05/24 23:00:00,A,EMP_LFS,M,Y25-54,PC_POP,HR,2023,84.4,b
ESTAT:LFSI_EMP_A(1.0),02/05/24 23:00:00,A,EMP_LFS,M,Y25-54,PC_POP,HU,2014,85.3,
ESTAT:LFSI_EMP_A(1.0),02/05/24 23:00:00,A,EMP_LFS,M,Y25-54,PC_POP,HU,2017,90.1,
ESTAT:LFSI_EMP_A(1.0),02/05/24 23:00:00,A,EMP_LFS,M,Y25-54,PC_POP,HU,2020,89.8,
ESTAT:LFSI_EMP_A(1.0),02/05/24 23:00:00,A,EMP_LFS,M,Y25-54,PC_POP,HU,2023,90.9,
ESTAT:LFSI_EMP_A(1.0),02/05/24 23:00:00,A,EMP_LFS,M,Y25-54,PC_POP,IE,2014,79.4,
ESTAT:LFSI_EMP_A(1.0),02/05/24 23:00:00,A,EMP_LFS,M,Y25-54,PC_POP,IE,2017,84.5,
ESTAT:LFSI_EMP_A(1.0),02/05/24 23:00:00,A,EMP_LFS,M,Y25-54,PC_POP,IE,2020,84.2,
ESTAT:LFSI_EMP_A(1.0),02/05/24 23:00:00,A,EMP_LFS,M,Y25-54,PC_POP,IE,2023,88.6,
ESTAT:LFSI_EMP_A(1.0),02/05/24 23:00:00,A,EMP_LFS,M,Y25-54,PC_POP,IS,2014,90.2,
ESTAT:LFSI_EMP_A(1.0),02/05/24 23:00:00,A,EMP_LFS,M,Y25-54,PC_POP,IS,2017,92.5,
ESTAT:LFSI_EMP_A(1.0),02/05/24 23:00:00,A,EMP_LFS,M,Y25-54,PC_POP,IS,2020,87.3,b
ESTAT:LFSI_EMP_A(1.0),02/05/24 23:00:00,A,EMP_LFS,M,Y25-54,PC_POP,IS,2023,90.4,
ESTAT:LFSI_EMP_A(1.0),02/05/24 23:00:00,A,EMP_LFS,M,Y25-54,PC_POP,IT,2014,77.5,
ESTAT:LFSI_EMP_A(1.0),02/05/24 23:00:00,A,EMP_LFS,M,Y25-54,PC_POP,IT,2017,79.8,
ESTAT:LFSI_EMP_A(1.0),02/05/24 23:00:00,A,EMP_LFS,M,Y25-54,PC_POP,IT,2020,79.3,
ESTAT:LFSI_EMP_A(1.0),02/05/24 23:00:00,A,EMP_LFS,M,Y25-54,PC_POP,IT,2023,83.7,
ESTAT:LFSI_EMP_A(1.0),02/05/24 23:00:00,A,EMP_LFS,M,Y25-54,PC_POP,LT,2014,80.7,
ESTAT:LFSI_EMP_A(1.0),02/05/24 23:00:00,A,EMP_LFS,M,Y25-54,PC_POP,LT,2017,83.1,
ESTAT:LFSI_EMP_A(1.0),02/05/24 23:00:00,A,EMP_LFS,M,Y25-54,PC_POP,LT,2020,84.0,
ESTAT:LFSI_EMP_A(1.0),02/05/24 23:00:00,A,EMP_LFS,M,Y25-54,PC_POP,LT,2023,85.9,
ESTAT:LFSI_EMP_A(1.0),02/05/24 23:00:00,A,EMP_LFS,M,Y25-54,PC_POP,LU,2014,90.5,
ESTAT:LFSI_EMP_A(1.0),02/05/24 23:00:00,A,EMP_LFS,M,Y25-54,PC_POP,LU,2017,87.4,
ESTAT:LFSI_EMP_A(1.0),02/05/24 23:00:00,A,EMP_LFS,M,Y25-54,PC_POP,LU,2020,88.0,
ESTAT:LFSI_EMP_A(1.0),02/05/24 23:00:00,A,EMP_LFS,M,Y25-54,PC_POP,LU,2023,90.3,
ESTAT:LFSI_EMP_A(1.0),02/05/24 23:00:00,A,EMP_LFS,M,Y25-54,PC_POP,LV,2014,80.1,
ESTAT:LFSI_EMP_A(1.0),02/05/24 23:00:00,A,EMP_LFS,M,Y25-54,PC_POP,LV,2017,83.4,
ESTAT:LFSI_EMP_A(1.0),02/05/24 23:00:00,A,EMP_LFS,M,Y25-54,PC_POP,LV,2020,83.6,
ESTAT:LFSI_EMP_A(1.0),02/05/24 23:00:00,A,EMP_LFS,M,Y25-54,PC_POP,LV,2023,84.3,
ESTAT:LFSI_EMP_A(1.0),02/05/24 23:00:00,A,EMP_LFS,M,Y25-54,PC_POP,ME,2014,69.5,
ESTAT:LFSI_EMP_A(1.0),02/05/24 23:00:00,A,EMP_LFS,M,Y25-54,PC_POP,ME,2017,73.5,
ESTAT:LFSI_EMP_A(1.0),02/05/24 23:00:00,A,EMP_LFS,M,Y25-54,PC_POP,ME,2020,67.6,
ESTAT:LFSI_EMP_A(1.0),02/05/24 23:00:00,A,EMP_LFS,M,Y25-54,PC_POP,MK,2014,69.8,
ESTAT:LFSI_EMP_A(1.0),02/05/24 23:00:00,A,EMP_LFS,M,Y25-54,PC_POP,MK,2017,73.2,
ESTAT:LFSI_EMP_A(1.0),02/05/24 23:00:00,A,EMP_LFS,M,Y25-54,PC_POP,MK,2020,75.1,
ESTAT:LFSI_EMP_A(1.0),02/05/24 23:00:00,A,EMP_LFS,M,Y25-54,PC_POP,MT,2014,90.9,
ESTAT:LFSI_EMP_A(1.0),02/05/24 23:00:00,A,EMP_LFS,M,Y25-54,PC_POP,MT,2017,93.2,
ESTAT:LFSI_EMP_A(1.0),02/05/24 23:00:00,A,EMP_LFS,M,Y25-54,PC_POP,MT,2020,92.0,
ESTAT:LFSI_EMP_A(1.0),02/05/24 23:00:00,A,EMP_LFS,M,Y25-54,PC_POP,MT,2023,94.2,
ESTAT:LFSI_EMP_A(1.0),02/05/24 23:00:00,A,EMP_LFS,M,Y25-54,PC_POP,NL,2014,87.0,
ESTAT:LFSI_EMP_A(1.0),02/05/24 23:00:00,A,EMP_LFS,M,Y25-54,PC_POP,NL,2017,88.5,
ESTAT:LFSI_EMP_A(1.0),02/05/24 23:00:00,A,EMP_LFS,M,Y25-54,PC_POP,NL,2020,89.1,
ESTAT:LFSI_EMP_A(1.0),02/05/24 23:00:00,A,EMP_LFS,M,Y25-54,PC_POP,NL,2023,90.5,
ESTAT:LFSI_EMP_A(1.0),02/05/24 23:00:00,A,EMP_LFS,M,Y25-54,PC_POP,NO,2014,86.1,
ESTAT:LFSI_EMP_A(1.0),02/05/24 23:00:00,A,EMP_LFS,M,Y25-54,PC_POP,NO,2017,84.3,
ESTAT:LFSI_EMP_A(1.0),02/05/24 23:00:00,A,EMP_LFS,M,Y25-54,PC_POP,NO,2020,85.0,
ESTAT:LFSI_EMP_A(1.0),02/05/24 23:00:00,A,EMP_LFS,M,Y25-54,PC_POP,NO,2023,86.3,
ESTAT:LFSI_EMP_A(1.0),02/05/24 23:00:00,A,EMP_LFS,M,Y25-54,PC_POP,PL,2014,82.1,
ESTAT:LFSI_EMP_A(1.0),02/05/24 23:00:00,A,EMP_LFS,M,Y25-54,PC_POP,PL,2017,86.2,
ESTAT:LFSI_EMP_A(1.0),02/05/24 23:00:00,A,EMP_LFS,M,Y25-54,PC_POP,PL,2020,88.6,
ESTAT:LFSI_EMP_A(1.0),02/05/24 23:00:00,A,EMP_LFS,M,Y25-54,PC_POP,PL,2023,90.5,
ESTAT:LFSI_EMP_A(1.0),02/05/24 23:00:00,A,EMP_LFS,M,Y25-54,PC_POP,PT,2014,79.8,
ESTAT:LFSI_EMP_A(1.0),02/05/24 23:00:00,A,EMP_LFS,M,Y25-54,PC_POP,PT,2017,85.2,
ESTAT:LFSI_EMP_A(1.0),02/05/24 23:00:00,A,EMP_LFS,M,Y25-54,PC_POP,PT,2020,86.5,
ESTAT:LFSI_EMP_A(1.0),02/05/24 23:00:00,A,EMP_LFS,M,Y25-54,PC_POP,PT,2023,88.9,
ESTAT:LFSI_EMP_A(1.0),02/05/24 23:00:00,A,EMP_LFS,M,Y25-54,PC_POP,RO,2014,77.8,
ESTAT:LFSI_EMP_A(1.0),02/05/24 23:00:00,A,EMP_LFS,M,Y25-54,PC_POP,RO,2017,82.0,
ESTAT:LFSI_EMP_A(1.0),02/05/24 23:00:00,A,EMP_LFS,M,Y25-54,PC_POP,RO,2020,84.1,
ESTAT:LFSI_EMP_A(1.0),02/05/24 23:00:00,A,EMP_LFS,M,Y25-54,PC_POP,RO,2023,86.7,
ESTAT:LFSI_EMP_A(1.0),02/05/24 23:00:00,A,EMP_LFS,M,Y25-54,PC_POP,RS,2014,71.6,
ESTAT:LFSI_EMP_A(1.0),02/05/24 23:00:00,A,EMP_LFS,M,Y25-54,PC_POP,RS,2017,75.8,
ESTAT:LFSI_EMP_A(1.0),02/05/24 23:00:00,A,EMP_LFS,M,Y25-54,PC_POP,RS,2020,79.4,
ESTAT:LFSI_EMP_A(1.0),02/05/24 23:00:00,A,EMP_LFS,M,Y25-54,PC_POP,RS,2023,83.4,b
ESTAT:LFSI_EMP_A(1.0),02/05/24 23:00:00,A,EMP_LFS,M,Y25-54,PC_POP,SE,2014,87.5,
ESTAT:LFSI_EMP_A(1.0),02/05/24 23:00:00,A,EMP_LFS,M,Y25-54,PC_POP,SE,2017,88.1,
ESTAT:LFSI_EMP_A(1.0),02/05/24 23:00:00,A,EMP_LFS,M,Y25-54,PC_POP,SE,2020,87.3,
ESTAT:LFSI_EMP_A(1.0),02/05/24 23:00:00,A,EMP_LFS,M,Y25-54,PC_POP,SE,2023,88.8,
ESTAT:LFSI_EMP_A(1.0),02/05/24 23:00:00,A,EMP_LFS,M,Y25-54,PC_POP,SI,2014,83.9,
ESTAT:LFSI_EMP_A(1.0),02/05/24 23:00:00,A,EMP_LFS,M,Y25-54,PC_POP,SI,2017,87.7,
ESTAT:LFSI_EMP_A(1.0),02/05/24 23:00:00,A,EMP_LFS,M,Y25-54,PC_POP,SI,2020,89.4,
ESTAT:LFSI_EMP_A(1.0),02/05/24 23:00:00,A,EMP_LFS,M,Y25-54,PC_POP,SI,2023,91.5,
ESTAT:LFSI_EMP_A(1.0),02/05/24 23:00:00,A,EMP_LFS,M,Y25-54,PC_POP,SK,2014,82.7,
ESTAT:LFSI_EMP_A(1.0),02/05/24 23:00:00,A,EMP_LFS,M,Y25-54,PC_POP,SK,2017,85.9,
ESTAT:LFSI_EMP_A(1.0),02/05/24 23:00:00,A,EMP_LFS,M,Y25-54,PC_POP,SK,2020,86.4,
ESTAT:LFSI_EMP_A(1.0),02/05/24 23:00:00,A,EMP_LFS,M,Y25-54,PC_POP,SK,2023,88.3,
ESTAT:LFSI_EMP_A(1.0),02/05/24 23:00:00,A,EMP_LFS,M,Y25-54,PC_POP,TR,2014,82.8,b
ESTAT:LFSI_EMP_A(1.0),02/05/24 23:00:00,A,EMP_LFS,M,Y25-54,PC_POP,TR,2017,83.8,
ESTAT:LFSI_EMP_A(1.0),02/05/24 23:00:00,A,EMP_LFS,M,Y25-54,PC_POP,TR,2020,78.5,
ESTAT:LFSI_EMP_A(1.0),02/05/24 23:00:00,A,EMP_LFS,M,Y25-54,PC_POP,TR,2023,83.9,
ESTAT:LFSI_EMP_A(1.0),02/05/24 23:00:00,A,EMP_LFS,M,Y55-64,PC_POP,AT,2014,54.3,
ESTAT:LFSI_EMP_A(1.0),02/05/24 23:00:00,A,EMP_LFS,M,Y55-64,PC_POP,AT,2017,60.1,
ESTAT:LFSI_EMP_A(1.0),02/05/24 23:00:00,A,EMP_LFS,M,Y55-64,PC_POP,AT,2020,62.3,
ESTAT:LFSI_EMP_A(1.0),02/05/24 23:00:00,A,EMP_LFS,M,Y55-64,PC_POP,AT,2023,65.4,
ESTAT:LFSI_EMP_A(1.0),02/05/24 23:00:00,A,EMP_LFS,M,Y55-64,PC_POP,BA,2023,51.3,
ESTAT:LFSI_EMP_A(1.0),02/05/24 23:00:00,A,EMP_LFS,M,Y55-64,PC_POP,BE,2014,48.4,
ESTAT:LFSI_EMP_A(1.0),02/05/24 23:00:00,A,EMP_LFS,M,Y55-64,PC_POP,BE,2017,53.8,b
ESTAT:LFSI_EMP_A(1.0),02/05/24 23:00:00,A,EMP_LFS,M,Y55-64,PC_POP,BE,2020,58.4,
ESTAT:LFSI_EMP_A(1.0),02/05/24 23:00:00,A,EMP_LFS,M,Y55-64,PC_POP,BE,2023,62.2,
ESTAT:LFSI_EMP_A(1.0),02/05/24 23:00:00,A,EMP_LFS,M,Y55-64,PC_POP,BG,2014,53.8,
ESTAT:LFSI_EMP_A(1.0),02/05/24 23:00:00,A,EMP_LFS,M,Y55-64,PC_POP,BG,2017,61.7,
ESTAT:LFSI_EMP_A(1.0),02/05/24 23:00:00,A,EMP_LFS,M,Y55-64,PC_POP,BG,2020,68.5,
ESTAT:LFSI_EMP_A(1.0),02/05/24 23:00:00,A,EMP_LFS,M,Y55-64,PC_POP,BG,2023,74.0,
ESTAT:LFSI_EMP_A(1.0),02/05/24 23:00:00,A,EMP_LFS,M,Y55-64,PC_POP,CH,2014,76.4,
ESTAT:LFSI_EMP_A(1.0),02/05/24 23:00:00,A,EMP_LFS,M,Y55-64,PC_POP,CH,2017,78.6,
ESTAT:LFSI_EMP_A(1.0),02/05/24 23:00:00,A,EMP_LFS,M,Y55-64,PC_POP,CH,2020,79.2,
ESTAT:LFSI_EMP_A(1.0),02/05/24 23:00:00,A,EMP_LFS,M,Y55-64,PC_POP,CH,2023,80.2,
ESTAT:LFSI_EMP_A(1.0),02/05/24 23:00:00,A,EMP_LFS,M,Y55-64,PC_POP,CY,2014,57.1,
ESTAT:LFSI_EMP_A(1.0),02/05/24 23:00:00,A,EMP_LFS,M,Y55-64,PC_POP,CY,2017,64.9,
ESTAT:LFSI_EMP_A(1.0),02/05/24 23:00:00,A,EMP_LFS,M,Y55-64,PC_POP,CY,2020,73.2,
ESTAT:LFSI_EMP_A(1.0),02/05/24 23:00:00,A,EMP_LFS,M,Y55-64,PC_POP,CY,2023,74.8,
ESTAT:LFSI_EMP_A(1.0),02/05/24 23:00:00,A,EMP_LFS,M,Y55-64,PC_POP,CZ,2014,64.8,
ESTAT:LFSI_EMP_A(1.0),02/05/24 23:00:00,A,EMP_LFS,M,Y55-64,PC_POP,CZ,2017,71.7,
ESTAT:LFSI_EMP_A(1.0),02/05/24 23:00:00,A,EMP_LFS,M,Y55-64,PC_POP,CZ,2020,75.2,
ESTAT:LFSI_EMP_A(1.0),02/05/24 23:00:00,A,EMP_LFS,M,Y55-64,PC_POP,CZ,2023,78.9,
ESTAT:LFSI_EMP_A(1.0),02/05/24 23:00:00,A,EMP_LFS,M,Y55-64,PC_POP,DE,2014,70.3,
ESTAT:LFSI_EMP_A(1.0),02/05/24 23:00:00,A,EMP_LFS,M,Y55-64,PC_POP,DE,2017,74.0,
ESTAT:LFSI_EMP_A(1.0),02/05/24 23:00:00,A,EMP_LFS,M,Y55-64,PC_POP,DE,2020,74.5,b
ESTAT:LFSI_EMP_A(1.0),02/05/24 23:00:00,A,EMP_LFS,M,Y55-64,PC_POP,DE,2023,78.2,
ESTAT:LFSI_EMP_A(1.0),02/05/24 23:00:00,A,EMP_LFS,M,Y55-64,PC_POP,DK,2014,66.5,
ESTAT:LFSI_EMP_A(1.0),02/05/24 23:00:00,A,EMP_LFS,M,Y55-64,PC_POP,DK,2017,72.1,b
ESTAT:LFSI_EMP_A(1.0),02/05/24 23:00:00,A,EMP_LFS,M,Y55-64,PC_POP,DK,2020,75.8,
ESTAT:LFSI_EMP_A(1.0),02/05/24 23:00:00,A,EMP_LFS,M,Y55-64,PC_POP,DK,2023,78.2,b
ESTAT:LFSI_EMP_A(1.0),02/05/24 23:00:00,A,EMP_LFS,M,Y55-64,PC_POP,EA20,2014,57.4,
ESTAT:LFSI_EMP_A(1.0),02/05/24 23:00:00,A,EMP_LFS,M,Y55-64,PC_POP,EA20,2017,62.7,
ESTAT:LFSI_EMP_A(1.0),02/05/24 23:00:00,A,EMP_LFS,M,Y55-64,PC_POP,EA20,2020,65.4,
ESTAT:LFSI_EMP_A(1.0),02/05/24 23:00:00,A,EMP_LFS,M,Y55-64,PC_POP,EA20,2023,69.5,
ESTAT:LFSI_EMP_A(1.0),02/05/24 23:00:00,A,EMP_LFS,M,Y55-64,PC_POP,EE,2014,65.1,
ESTAT:LFSI_EMP_A(1.0),02/05/24 23:00:00,A,EMP_LFS,M,Y55-64,PC_POP,EE,2017,66.3,
ESTAT:LFSI_EMP_A(1.0),02/05/24 23:00:00,A,EMP_LFS,M,Y55-64,PC_POP,EE,2020,68.3,
ESTAT:LFSI_EMP_A(1.0),02/05/24 23:00:00,A,EMP_LFS,M,Y55-64,PC_POP,EE,2023,74.0,
ESTAT:LFSI_EMP_A(1.0),02/05/24 23:00:00,A,EMP_LFS,M,Y55-64,PC_POP,EL,2014,44.0,
ESTAT:LFSI_EMP_A(1.0),02/05/24 23:00:00,A,EMP_LFS,M,Y55-64,PC_POP,EL,2017,49.6,
ESTAT:LFSI_EMP_A(1.0),02/05/24 23:00:00,A,EMP_LFS,M,Y55-64,PC_POP,EL,2020,54.9,
ESTAT:LFSI_EMP_A(1.0),02/05/24 23:00:00,A,EMP_LFS,M,Y55-64,PC_POP,EL,2023,66.8,
ESTAT:LFSI_EMP_A(1.0),02/05/24 23:00:00,A,EMP_LFS,M,Y55-64,PC_POP,ES,2014,51.2,
ESTAT:LFSI_EMP_A(1.0),02/05/24 23:00:00,A,EMP_LFS,M,Y55-64,PC_POP,ES,2017,57.8,
ESTAT:LFSI_EMP_A(1.0),02/05/24 23:00:00,A,EMP_LFS,M,Y55-64,PC_POP,ES,2020,61.6,
ESTAT:LFSI_EMP_A(1.0),02/05/24 23:00:00,A,EMP_LFS,M,Y55-64,PC_POP,ES,2023,66.3,d
ESTAT:LFSI_EMP_A(1.0),02/05/24 23:00:00,A,EMP_LFS,M,Y55-64,PC_POP,EU27_2020,2014,56.5,
ESTAT:LFSI_EMP_A(1.0),02/05/24 23:00:00,A,EMP_LFS,M,Y55-64,PC_POP,EU27_2020,2017,62.1,
ESTAT:LFSI_EMP_A(1.0),02/05/24 23:00:00,A,EMP_LFS,M,Y55-64,PC_POP,EU27_2020,2020,65.4,
ESTAT:LFSI_EMP_A(1.0),02/05/24 23:00:00,A,EMP_LFS,M,Y55-64,PC_POP,EU27_2020,2023,70.1,
ESTAT:LFSI_EMP_A(1.0),02/05/24 23:00:00,A,EMP_LFS,M,Y55-64,PC_POP,FI,2014,56.2,
ESTAT:LFSI_EMP_A(1.0),02/05/24 23:00:00,A,EMP_LFS,M,Y55-64,PC_POP,FI,2017,61.0,
ESTAT:LFSI_EMP_A(1.0),02/05/24 23:00:00,A,EMP_LFS,M,Y55-64,PC_POP,FI,2020,65.9,
ESTAT:LFSI_EMP_A(1.0),02/05/24 23:00:00,A,EMP_LFS,M,Y55-64,PC_POP,FI,2023,70.0,
ESTAT:LFSI_EMP_A(1.0),02/05/24 23:00:00,A,EMP_LFS,M,Y55-64,PC_POP,FR,2014,49.3,
ESTAT:LFSI_EMP_A(1.0),02/05/24 23:00:00,A,EMP_LFS,M,Y55-64,PC_POP,FR,2017,53.3,
ESTAT:LFSI_EMP_A(1.0),02/05/24 23:00:00,A,EMP_LFS,M,Y55-64,PC_POP,FR,2020,56.6,
ESTAT:LFSI_EMP_A(1.0),02/05/24 23:00:00,A,EMP_LFS,M,Y55-64,PC_POP,FR,2023,59.7,d
ESTAT:LFSI_EMP_A(1.0),02/05/24 23:00:00,A,EMP_LFS,M,Y55-64,PC_POP,HR,2014,45.8,
ESTAT:LFSI_EMP_A(1.0),02/05/24 23:00:00,A,EMP_LFS,M,Y55-64,PC_POP,HR,2017,49.0,
ESTAT:LFSI_EMP_A(1.0),02/05/24 23:00:00,A,EMP_LFS,M,Y55-64,PC_POP,HR,2020,53.4,
ESTAT:LFSI_EMP_A(1.0),02/05/24 23:00:00,A,EMP_LFS,M,Y55-64,PC_POP,HR,2023,56.2,b
ESTAT:LFSI_EMP_A(1.0),02/05/24 23:00:00,A,EMP_LFS,M,Y55-64,PC_POP,HU,2014,49.6,
ESTAT:LFSI_EMP_A(1.0),02/05/24 23:00:00,A,EMP_LFS,M,Y55-64,PC_POP,HU,2017,62.6,
ESTAT:LFSI_EMP_A(1.0),02/05/24 23:00:00,A,EMP_LFS,M,Y55-64,PC_POP,HU,2020,71.6,
ESTAT:LFSI_EMP_A(1.0),02/05/24 23:00:00,A,EMP_LFS,M,Y55-64,PC_POP,HU,2023,79.3,
ESTAT:LFSI_EMP_A(1.0),02/05/24 23:00:00,A,EMP_LFS,M,Y55-64,PC_POP,IE,2014,60.9,
ESTAT:LFSI_EMP_A(1.0),02/05/24 23:00:00,A,EMP_LFS,M,Y55-64,PC_POP,IE,2017,66.5,
ESTAT:LFSI_EMP_A(1.0),02/05/24 23:00:00,A,EMP_LFS,M,Y55-64,PC_POP,IE,2020,68.7,
ESTAT:LFSI_EMP_A(1.0),02/05/24 23:00:00,A,EMP_LFS,M,Y55-64,PC_POP,IE,2023,75.6,
ESTAT:LFSI_EMP_A(1.0),02/05/24 23:00:00,A,EMP_LFS,M,Y55-64,PC_POP,IS,2014,88.7,
ESTAT:LFSI_EMP_A(1.0),02/05/24 23:00:00,A,EMP_LFS,M,Y55-64,PC_POP,IS,2017,89.1,
ESTAT:LFSI_EMP_A(1.0),02/05/24 23:00:00,A,EMP_LFS,M,Y55-64,PC_POP,IS,2020,85.0,b
ESTAT:LFSI_EMP_A(1.0),02/05/24 23:00:00,A,EMP_LFS,M,Y55-64,PC_POP,IS,2023,87.2,
ESTAT:LFSI_EMP_A(1.0),02/05/24 23:00:00,A,EMP_LFS,M,Y55-64,PC_POP,IT,2014,55.9,
ESTAT:LFSI_EMP_A(1.0),02/05/24 23:00:00,A,EMP_LFS,M,Y55-64,PC_POP,IT,2017,62.3,
ESTAT:LFSI_EMP_A(1.0),02/05/24 23:00:00,A,EMP_LFS,M,Y55-64,PC_POP,IT,2020,63.6,
ESTAT:LFSI_EMP_A(1.0),02/05/24 23:00:00,A,EMP_LFS,M,Y55-64,PC_POP,IT,2023,67.8,
ESTAT:LFSI_EMP_A(1.0),02/05/24 23:00:00,A,EMP_LFS,M,Y55-64,PC_POP,LT,2014,58.8,
ESTAT:LFSI_EMP_A(1.0),02/05/24 23:00:00,A,EMP_LFS,M,Y55-64,PC_POP,LT,2017,67.2,
ESTAT:LFSI_EMP_A(1.0),02/05/24 23:00:00,A,EMP_LFS,M,Y55-64,PC_POP,LT,2020,68.4,
ESTAT:LFSI_EMP_A(1.0),02/05/24 23:00:00,A,EMP_LFS,M,Y55-64,PC_POP,LT,2023,68.1,
ESTAT:LFSI_EMP_A(1.0),02/05/24 23:00:00,A,EMP_LFS,M,Y55-64,PC_POP,LU,2014,49.8,
ESTAT:LFSI_EMP_A(1.0),02/05/24 23:00:00,A,EMP_LFS,M,Y55-64,PC_POP,LU,2017,45.4,
ESTAT:LFSI_EMP_A(1.0),02/05/24 23:00:00,A,EMP_LFS,M,Y55-64,PC_POP,LU,2020,47.3,
ESTAT:LFSI_EMP_A(1.0),02/05/24 23:00:00,A,EMP_LFS,M,Y55-64,PC_POP,LU,2023,50.3,
ESTAT:LFSI_EMP_A(1.0),02/05/24 23:00:00,A,EMP_LFS,M,Y55-64,PC_POP,LV,2014,56.2,
ESTAT:LFSI_EMP_A(1.0),02/05/24 23:00:00,A,EMP_LFS,M,Y55-64,PC_POP,LV,2017,62.3,
ESTAT:LFSI_EMP_A(1.0),02/05/24 23:00:00,A,EMP_LFS,M,Y55-64,PC_POP,LV,2020,69.3,
ESTAT:LFSI_EMP_A(1.0),02/05/24 23:00:00,A,EMP_LFS,M,Y55-64,PC_POP,LV,2023,69.9,
ESTAT:LFSI_EMP_A(1.0),02/05/24 23:00:00,A,EMP_LFS,M,Y55-64,PC_POP,ME,2014,48.3,
ESTAT:LFSI_EMP_A(1.0),02/05/24 23:00:00,A,EMP_LFS,M,Y55-64,PC_POP,ME,2017,52.8,
ESTAT:LFSI_EMP_A(1.0),02/05/24 23:00:00,A,EMP_LFS,M,Y55-64,PC_POP,ME,2020,53.5,
ESTAT:LFSI_EMP_A(1.0),02/05/24 23:00:00,A,EMP_LFS,M,Y55-64,PC_POP,MK,2014,50.3,
ESTAT:LFSI_EMP_A(1.0),02/05/24 23:00:00,A,EMP_LFS,M,Y55-64,PC_POP,MK,2017,54.5,
ESTAT:LFSI_EMP_A(1.0),02/05/24 23:00:00,A,EMP_LFS,M,Y55-64,PC_POP,MK,2020,60.3,
ESTAT:LFSI_EMP_A(1.0),02/05/24 23:00:00,A,EMP_LFS,M,Y55-64,PC_POP,MT,2014,57.0,
ESTAT:LFSI_EMP_A(1.0),02/05/24 23:00:00,A,EMP_LFS,M,Y55-64,PC_POP,MT,2017,64.5,
ESTAT:LFSI_EMP_A(1.0),02/05/24 23:00:00,A,EMP_LFS,M,Y55-64,PC_POP,MT,2020,66.0,
ESTAT:LFSI_EMP_A(1.0),02/05/24 23:00:00,A,EMP_LFS,M,Y55-64,PC_POP,MT,2023,68.4,
ESTAT:LFSI_EMP_A(1.0),02/05/24 23:00:00,A,EMP_LFS,M,Y55-64,PC_POP,NL,2014,69.7,
ESTAT:LFSI_EMP_A(1.0),02/05/24 23:00:00,A,EMP_LFS,M,Y55-64,PC_POP,NL,2017,75.1,
ESTAT:LFSI_EMP_A(1.0),02/05/24 23:00:00,A,EMP_LFS,M,Y55-64,PC_POP,NL,2020,79.7,
ESTAT:LFSI_EMP_A(1.0),02/05/24 23:00:00,A,EMP_LFS,M,Y55-64,PC_POP,NL,2023,81.8,
ESTAT:LFSI_EMP_A(1.0),02/05/24 23:00:00,A,EMP_LFS,M,Y55-64,PC_POP,NO,2014,75.7,
ESTAT:LFSI_EMP_A(1.0),02/05/24 23:00:00,A,EMP_LFS,M,Y55-64,PC_POP,NO,2017,76.5,
ESTAT:LFSI_EMP_A(1.0),02/05/24 23:00:00,A,EMP_LFS,M,Y55-64,PC_POP,NO,2020,76.6,
ESTAT:LFSI_EMP_A(1.0),02/05/24 23:00:00,A,EMP_LFS,M,Y55-64,PC_POP,NO,2023,77.4,
ESTAT:LFSI_EMP_A(1.0),02/05/24 23:00:00,A,EMP_LFS,M,Y55-64,PC_POP,PL,2014,50.7,
ESTAT:LFSI_EMP_A(1.0),02/05/24 23:00:00,A,EMP_LFS,M,Y55-64,PC_POP,PL,2017,56.7,
ESTAT:LFSI_EMP_A(1.0),02/05/24 23:00:00,A,EMP_LFS,M,Y55-64,PC_POP,PL,2020,62.0,
ESTAT:LFSI_EMP_A(1.0),02/05/24 23:00:00,A,EMP_LFS,M,Y55-64,PC_POP,PL,2023,70.3,
ESTAT:LFSI_EMP_A(1.0),02/05/24 23:00:00,A,EMP_LFS,M,Y55-64,PC_POP,PT,2014,48.6,
ESTAT:LFSI_EMP_A(1.0),02/05/24 23:00:00,A,EMP_LFS,M,Y55-64,PC_POP,PT,2017,59.8,
ESTAT:LFSI_EMP_A(1.0),02/05/24 23:00:00,A,EMP_LFS,M,Y55-64,PC_POP,PT,2020,63.3,
ESTAT:LFSI_EMP_A(1.0),02/05/24 23:00:00,A,EMP_LFS,M,Y55-64,PC_POP,PT,2023,71.2,
ESTAT:LFSI_EMP_A(1.0),02/05/24 23:00:00,A,EMP_LFS,M,Y55-64,PC_POP,RO,2014,43.9,
ESTAT:LFSI_EMP_A(1.0),02/05/24 23:00:00,A,EMP_LFS,M,Y55-64,PC_POP,RO,2017,47.7,
ESTAT:LFSI_EMP_A(1.0),02/05/24 23:00:00,A,EMP_LFS,M,Y55-64,PC_POP,RO,2020,53.4,
ESTAT:LFSI_EMP_A(1.0),02/05/24 23:00:00,A,EMP_LFS,M,Y55-64,PC_POP,RO,2023,62.8,
ESTAT:LFSI_EMP_A(1.0),02/05/24 23:00:00,A,EMP_LFS,M,Y55-64,PC_POP,RS,2014,45.2,
ESTAT:LFSI_EMP_A(1.0),02/05/24 23:00:00,A,EMP_LFS,M,Y55-64,PC_POP,RS,2017,53.0,
ESTAT:LFSI_EMP_A(1.0),02/05/24 23:00:00,A,EMP_LFS,M,Y55-64,PC_POP,RS,2020,59.0,
ESTAT:LFSI_EMP_A(1.0),02/05/24 23:00:00,A,EMP_LFS,M,Y55-64,PC_POP,RS,2023,64.3,b
ESTAT:LFSI_EMP_A(1.0),02/05/24 23:00:00,A,EMP_LFS,M,Y55-64,PC_POP,SE,2014,75.0,
ESTAT:LFSI_EMP_A(1.0),02/05/24 23:00:00,A,EMP_LFS,M,Y55-64,PC_POP,SE,2017,77.0,
ESTAT:LFSI_EMP_A(1.0),02/05/24 23:00:00,A,EMP_LFS,M,Y55-64,PC_POP,SE,2020,78.3,
ESTAT:LFSI_EMP_A(1.0),02/05/24 23:00:00,A,EMP_LFS,M,Y55-64,PC_POP,SE,2023,80.7,
ESTAT:LFSI_EMP_A(1.0),02/05/24 23:00:00,A,EMP_LFS,M,Y55-64,PC_POP,SI,2014,41.4,
ESTAT:LFSI_EMP_A(1.0),02/05/24 23:00:00,A,EMP_LFS,M,Y55-64,PC_POP,SI,2017,47.6,
ESTAT:LFSI_EMP_A(1.0),02/05/24 23:00:00,A,EMP_LFS,M,Y55-64,PC_POP,SI,2020,53.7,
ESTAT:LFSI_EMP_A(1.0),02/05/24 23:00:00,A,EMP_LFS,M,Y55-64,PC_POP,SI,2023,57.7,
ESTAT:LFSI_EMP_A(1.0),02/05/24 23:00:00,A,EMP_LFS,M,Y55-64,PC_POP,SK,2014,52.9,
ESTAT:LFSI_EMP_A(1.0),02/05/24 23:00:00,A,EMP_LFS,M,Y55-64,PC_POP,SK,2017,56.3,
ESTAT:LFSI_EMP_A(1.0),02/05/24 23:00:00,A,EMP_LFS,M,Y55-64,PC_POP,SK,2020,61.3,
ESTAT:LFSI_EMP_A(1.0),02/05/24 23:00:00,A,EMP_LFS,M,Y55-64,PC_POP,SK,2023,70.1,
ESTAT:LFSI_EMP_A(1.0),02/05/24 23:00:00,A,EMP_LFS,M,Y55-64,PC_POP,TR,2014,45.6,b
ESTAT:LFSI_EMP_A(1.0),02/05/24 23:00:00,A,EMP_LFS,M,Y55-64,PC_POP,TR,2017,50.6,
ESTAT:LFSI_EMP_A(1.0),02/05/24 23:00:00,A,EMP_LFS,M,Y55-64,PC_POP,TR,2020,45.8,
ESTAT:LFSI_EMP_A(1.0),02/05/24 23:00:00,A,EMP_LFS,M,Y55-64,PC_POP,TR,2023,52.7,
